MatchedUsername,LastActivityDate
AffableScallopIdol,2026-05-19 12:20:11
Andy,2022-09-06 14:57:48
Bargearse,2026-05-11 02:30:24
Big_T,2023-05-17 19:38:25
BigT,2016-01-10 10:11:42
boika,2019-10-16 15:25:23
BoyKa,2017-08-25 14:30:29
Br00ther7,2025-12-19 19:09:16
BrightPerchBreaker36,2024-01-27 19:01:59
captainwest,2017-08-20 05:39:14
Casadei,2026-05-19 17:17:30
CptCodeye,2026-05-19 06:41:01
D4B0mb,2026-05-10 02:27:58
DeathMachineUA_gaming,2026-05-19 15:23:42
DjabeU,2024-06-12 16:12:14
Djuka99,2026-05-08 00:10:08
DoctorLaw,2025-02-26 23:33:54
DUKA99,2025-12-13 11:08:29
Edupu,2026-05-18 18:24:08
EnlightenedWhitefishPrince,2026-05-19 03:39:16
EnormousGarHunter,2026-05-19 15:04:59
FantasticPerchDaddy62,2026-05-10 18:49:11
far5915,2026-05-08 20:44:09
fishstick123,2026-05-19 15:18:47
FIxieIsMonk,2026-05-19 12:56:06
Ivakis_Solo,2025-11-27 18:33:39
Jekyll_Hyde,2025-12-17 04:23:27
JekyllHyde,2021-05-07 13:59:19
JohnCarl,2026-05-19 14:33:44
KTMO88,2026-05-19 03:40:56
MototasmaFunkeiro,2026-05-18 21:56:25
Mr.Bones,2015-08-11 20:41:01
Mr_Bones,2021-08-13 02:12:09
mrbones,2017-08-29 00:40:09
MrTroyMan,2026-05-08 08:09:26
Niszczycielswiatow123,2026-05-19 18:45:59
nunofrazao,2026-05-16 07:42:03
Nyoraco,2025-11-04 08:47:07
Nyoraco_Twitch,2026-05-16 19:53:52
O.Azeitona,2026-05-19 19:31:02
Paco_Barba,2026-05-19 10:44:54
PacoBarba,2024-11-12 22:32:03
Pasiek,2019-11-03 17:26:10
PILOT_ON_BOARD,2026-05-16 06:41:55
Pizza_slice,2024-04-28 19:22:39
PowerfulCastingMystic,2026-05-19 05:16:43
Prost_Plovs,2026-05-19 19:06:09
PrxmE,2024-11-02 01:24:38
Ranger_Hitam,2026-02-22 12:49:57
rda,2020-01-03 20:25:41
ReggieCarter,2026-05-19 18:27:16
SERFUJE,2026-05-08 18:45:44
Slashy,2019-04-09 05:55:45
SplendidCarpMercenary,2026-05-19 05:29:52
SrPuff,2026-05-19 03:04:50
Tom,2015-08-11 15:26:46
TOYOTAGUY,2020-08-10 18:50:03
twitch_b0rreg0chan,2026-05-19 06:09:32
vanthanh,2025-03-02 04:42:49
Washed,2022-05-07 05:32:18
water,2015-08-12 15:45:10
xVectoRx,2026-05-16 12:41:17
