SessionStart,SessionType,PondId,CycleStart,CycleDurationSec,FightSec,FishForce,HookDistance,MinMaxLoad,FishId,Level,RodId,ReelId,LineId,LeaderId,IsBoarded,IsAnchored,Exp,Silver,Gold
2026-08-07 09:46:13.233,Regular,251,2026-08-07 09:54:27.183,80.7985,67.9816,80.1973,30.4,28,2761,52,4510,4420,13890,14245,1,0,2853,5062,0
2026-08-07 09:46:13.233,Regular,251,2026-08-07 09:56:44.430,45.8594,21.6405,38.497,17.0514,28,2760,52,4510,4420,13890,14245,1,0,819,2244,0
2026-08-07 10:20:12.963,Regular,124,2026-08-07 10:22:30.977,133.657,7.96298,30.1055,13.5794,25.4,43,52,6680,6280,13890,7600,0,0,774,2384,0
2026-08-07 10:20:12.963,Regular,124,2026-08-07 10:22:48.493,252.323,4.3905,16.1468,12.2747,25.4,2207,52,6680,6280,13890,7600,0,0,297,1182,0
2026-08-07 10:20:12.963,Regular,124,2026-08-07 10:22:58.743,36.9738,8.92642,16.4231,13.2678,25.4,2204,52,6680,6280,13890,7600,0,0,212,903,0
2026-08-07 10:20:12.963,Regular,124,2026-08-07 10:23:43.797,333.758,9.85952,20.7345,14.671,25.4,2202,52,6680,6280,13890,7600,0,0,431,2148,0
2026-08-07 10:20:12.963,Regular,124,2026-08-07 10:27:08.457,62.1195,5.26588,15.6209,13.8331,25.4,2201,52,6680,6280,13890,7600,0,0,192,1010,0
2026-08-07 10:20:12.963,Regular,124,2026-08-07 10:30:01.723,79.3597,18.2507,34.4142,13.6583,25.4,2206,52,6680,6280,13890,7600,0,0,2318,3405,0
2026-08-07 10:20:12.963,Regular,124,2026-08-07 10:30:29.693,574.909,26.6269,50.118,14.8527,25.4,2209,52,6680,6280,13890,7600,0,0,4145,5486,0
2026-08-07 10:20:12.963,Regular,124,2026-08-07 10:30:55.270,213.297,21.9675,34.6059,16.6166,25.4,2203,52,6680,6280,13890,7600,0,0,2229,3966,0
2026-08-07 10:20:12.963,Regular,124,2026-08-07 10:31:30.243,106.839,17.2195,29.6924,15.4855,25.4,2208,52,6680,6280,13890,7600,0,0,1623,2716,0
2026-08-07 10:20:12.963,Regular,124,2026-08-07 10:34:42.117,136.731,87.2694,58.5348,17.0732,25.4,2206,52,6680,6280,13890,7600,0,0,4560,5793,0
2026-08-07 10:20:12.963,Regular,124,2026-08-07 10:37:09.677,238.494,6.85984,16.9193,16.0909,25.4,2204,52,6680,6280,13890,7600,0,0,218,930,0
2026-08-07 10:20:12.963,Regular,124,2026-08-07 10:37:36.270,61.197,21.3833,40.0049,16.3199,25.4,2212,52,6680,6280,13890,7600,0,0,2694,3750,0
2026-08-07 10:20:12.963,Regular,124,2026-08-07 10:38:47.747,35.8327,5.81603,13.0233,16.0663,25.4,2201,52,6680,6280,13890,7600,0,0,161,842,0
2026-08-07 10:20:12.963,Regular,124,2026-08-07 10:39:31.240,570.739,13.5634,26.5315,12.3899,25.4,2211,52,6680,6280,13890,7600,0,0,902,2164,0
2026-08-07 10:20:12.963,Regular,124,2026-08-07 10:40:13.507,210.375,11.7035,25.3202,14.5221,25.4,2211,52,6680,6280,13890,7600,0,0,720,2066,0
2026-08-07 10:20:12.963,Regular,124,2026-08-07 10:41:17.700,443.309,14.9415,29.9595,13.3756,25.4,2202,52,6680,6280,13890,7600,0,0,1190,3105,0
2026-08-07 10:20:12.963,Regular,124,2026-08-07 10:49:38.270,377.233,3.81032,12.5803,13.5102,25.4,2201,52,6680,6280,13890,7600,0,0,155,813,0
2026-08-07 10:20:12.963,Regular,124,2026-08-07 10:49:50.913,351.647,13.8406,25.9669,14.5564,25.4,2211,52,6680,6280,13890,7600,0,0,837,2118,0
2026-08-07 10:20:12.963,Regular,124,2026-08-07 10:50:07.630,165.45,16.2192,28.7631,15.5028,25.4,2205,52,6680,6280,13890,7600,0,0,1376,2554,0
2026-08-07 10:20:12.963,Regular,124,2026-08-07 10:53:01.267,26.9578,4.22239,11.6163,12.529,25.4,2201,52,6680,6280,13890,7600,0,0,143,752,0
2026-08-07 10:20:12.963,Regular,124,2026-08-07 10:53:36.320,86.6909,20.5153,33.8003,15.9202,25.4,2203,52,6680,6280,13890,7600,0,0,2177,3873,0
2026-08-07 10:20:12.963,Regular,124,2026-08-07 10:55:11.983,71.0346,5.09398,16.5759,13.5691,25.4,2204,52,6680,6280,13890,7600,0,0,215,910,0
2026-08-07 18:35:51.943,Regular,251,2026-08-07 18:41:21.937,29.2259,20.2432,29.6754,30.2567,28,2760,52,4510,4420,13890,14245,1,0,539,1730,0
2026-08-07 18:35:51.943,Regular,251,2026-08-07 18:42:53.263,219.461,181.602,93.8039,10.7869,28,2761,52,4510,4420,13890,14245,1,0,3029,5922,0
2026-08-07 18:35:51.943,Regular,251,2026-08-07 18:51:27.197,81.8971,58.459,56.8166,18.2124,28,2760,52,4510,4420,13890,14245,1,0,1275,3310,0
2026-08-07 18:35:51.943,Regular,251,2026-08-08 07:58:31.243,642.546,610.904,120.095,11.2599,28,2762,52,4510,4420,13890,14245,1,0,4038,8270,0
2026-08-08 08:17:12.647,Regular,180,2026-08-08 08:19:36.550,129.659,9.10948,5.42054,27.5593,26.2,2101,52,4570,6280,13600,14245,0,0,56,542,0
2026-08-08 08:17:12.647,Regular,180,2026-08-08 08:36:47.597,488.779,8.98387,15.7595,37.1938,25.4,42,52,6680,6280,13890,7600,0,0,132,866,0
2026-08-08 08:17:12.647,Regular,180,2026-08-08 08:37:31.567,74.1789,22.0936,17.2939,50.8673,26.2,110,52,4570,6280,13600,14245,0,0,263,1604,0
2026-08-08 08:17:12.647,Regular,180,2026-08-08 08:37:45.890,30.6431,22.9039,16.2645,38.7762,28,109,52,4510,4420,13890,14245,0,0,192,1506,0
2026-08-08 08:17:12.647,Regular,180,2026-08-08 08:40:04.527,29.2005,7.60939,14.615,19.8577,28,109,52,4510,4420,13890,14245,0,0,173,1353,0
2026-08-08 08:17:12.647,Regular,180,2026-08-08 08:40:46.320,23.3909,9.43774,2.26084,30.0394,28,108,52,4510,4420,13890,14245,0,0,21,174,0
2026-08-08 08:57:05.267,Regular,124,2026-08-08 08:58:29.457,352.731,15.5962,46.2972,14.6308,25.4,2209,52,6680,6280,13890,7600,0,0,3554,5068,0
2026-08-08 08:57:05.267,Regular,124,2026-08-08 08:58:40.347,317.479,5.64084,16.9818,12.7549,25.4,42,52,6680,6280,13890,7600,0,0,131,956,0
2026-08-08 08:57:05.267,Regular,124,2026-08-08 08:58:50.033,347.353,7.3905,29.6423,14.15,25.4,43,52,6680,6280,13890,7600,0,0,731,2346,0
2026-08-08 08:57:05.267,Regular,124,2026-08-08 12:04:47.030,29.532,4.01596,14.7249,13.6739,25.4,2210,52,6680,6280,13890,7600,0,0,100,521,0
2026-08-08 08:57:05.267,Regular,124,2026-08-08 12:04:55.607,118.863,10.5285,27.1163,12.9844,25.4,2208,52,6680,6280,13890,7600,0,0,849,1653,0
2026-08-08 08:57:05.267,Regular,124,2026-08-08 12:05:24.920,71.4542,8.7657,24.5733,15.9757,25.4,2202,52,6680,6280,13890,7600,0,0,423,1697,0
2026-08-08 08:57:05.267,Regular,124,2026-08-08 12:05:36.107,130.424,5.39104,13.9787,16.0481,25.4,2204,52,6680,6280,13890,7600,0,0,111,512,0
2026-08-08 08:57:05.267,Regular,124,2026-08-08 12:05:45.403,462.297,4.75428,15.1474,12.9214,25.4,42,52,6680,6280,13890,7600,0,0,85,568,0
2026-08-08 08:57:05.267,Regular,124,2026-08-08 12:07:26.270,273.321,4.81169,15.9245,13.3906,25.4,2201,52,6680,6280,13890,7600,0,0,130,686,0
2026-08-08 08:57:05.267,Regular,124,2026-08-08 12:07:35.067,114.045,13.188,24.9783,18.0565,25.4,2205,52,6680,6280,13890,7600,0,0,560,1479,0
2026-08-08 08:57:05.267,Regular,124,2026-08-08 12:07:54.953,122.071,5.09356,25.226,14.5363,25.4,2211,52,6680,6280,13890,7600,0,0,500,1372,0
2026-08-08 08:57:05.267,Regular,124,2026-08-08 12:09:47.603,102.352,4.70328,17.6035,15.3363,25.4,2207,52,6680,6280,13890,7600,0,0,215,859,0
2026-08-08 08:57:05.267,Regular,124,2026-08-08 12:10:05.243,163.739,4.19046,16.2523,11.3448,25.4,2201,52,6680,6280,13890,7600,0,0,133,701,0
2026-08-08 08:57:05.267,Regular,124,2026-08-08 12:14:39.760,73.6574,4.91506,14.2047,14.7162,25.4,2201,52,6680,6280,13890,7600,0,0,117,612,0
2026-08-08 08:57:05.267,Regular,124,2026-08-08 12:15:42.293,230.288,8.45381,17.8546,16.416,25.4,42,52,6680,6280,13890,7600,0,0,99,670,0
2026-08-08 08:57:05.267,Regular,124,2026-08-08 12:16:01.340,73.2798,5.85931,22.7401,15.0054,25.4,2208,52,6680,6280,13890,7600,0,0,459,1387,0
2026-08-08 08:57:05.267,Regular,124,2026-08-08 12:17:46.757,139.281,6.73482,28.8388,12.9808,25.4,43,52,6680,6280,13890,7600,0,0,483,1522,0
2026-08-08 08:57:05.267,Regular,124,2026-08-08 12:18:07.367,98.0608,5.17414,14.506,15.9161,25.4,2201,52,6680,6280,13890,7600,0,0,119,625,0
2026-08-08 08:57:05.267,Regular,124,2026-08-08 12:19:54.333,140.562,5.40635,17.0148,15.5204,25.4,2207,52,6680,6280,13890,7600,0,0,208,830,0
2026-08-08 08:57:05.267,Regular,124,2026-08-08 12:25:25.527,319.382,9.95141,17.6468,18.1053,25.4,2207,52,6680,6280,13890,7600,0,0,216,861,0
2026-08-08 08:57:05.267,Regular,124,2026-08-08 12:26:20.930,181.991,13.3089,30.5205,18.5935,25.4,2202,52,6680,6280,13890,7600,0,0,811,2108,0
2026-08-08 08:57:05.267,Regular,124,2026-08-08 12:29:31.113,197.765,8.90702,16.1755,20.3461,25.4,42,52,6680,6280,13890,7600,0,0,90,607,0
2026-08-08 08:57:05.267,Regular,124,2026-08-08 12:30:54.207,196.331,20.9072,27.2692,18.5505,25.4,2205,52,6680,6280,13890,7600,0,0,806,1615,0
2026-08-20 12:31:40.290,Regular,180,2026-08-20 12:32:47.010,429.089,14.328,11.3679,39.8277,26.2,109,52,4570,6280,13890,14245,0,0,85,595,0
2026-08-20 12:31:40.290,Regular,180,2026-08-20 12:33:09.960,383.328,12.5313,10.6523,41.4726,26.2,109,52,4570,6280,13890,14245,0,0,80,557,0
2026-08-20 12:31:40.290,Regular,180,2026-08-20 12:40:06.583,134.826,19.3207,22.395,43.5173,26.2,110,52,4570,6280,13890,14245,0,0,213,1384,0
2026-08-20 12:31:40.290,Regular,180,2026-08-20 12:51:33.000,93.8906,14.5937,9.16505,43.5047,26.2,109,52,4570,6280,13890,14245,0,0,69,479,0
2026-08-20 12:31:40.290,Regular,180,2026-08-20 12:52:28.187,77.1634,19.2499,15.4911,47.102,26.2,109,52,4570,6280,13890,14245,0,0,115,810,0
2026-08-20 12:31:40.290,Regular,180,2026-08-20 13:01:24.473,22.7036,9.51593,2.2539,27.374,28,108,52,4510,4420,13890,14245,1,1,13,115,0
2026-08-20 12:31:40.290,Regular,180,2026-08-20 13:02:00.647,25.691,8.07833,2.29994,23.5423,28,108,52,4510,4420,13890,14245,1,1,14,118,0
2026-08-20 12:31:40.290,Regular,180,2026-08-20 13:02:45.820,32.0559,2.34446,1.74919,9.48043,28,108,52,4510,4420,13890,14245,1,1,11,90,0
2026-08-20 12:31:40.290,Regular,180,2026-08-20 13:03:37.267,179.446,11.9534,23.0118,15.9548,26.2,110,52,4570,6280,13890,14245,1,1,221,1423,0
2026-08-20 12:31:40.290,Regular,180,2026-08-20 13:06:56.640,103.888,8.40632,18.4288,16.9409,26.2,109,52,4570,6280,13890,14245,1,1,137,964,0
2026-08-20 13:31:17.157,Regular,180,2026-08-21 17:59:41.143,58.6463,4.67996,7.27225,18.3912,26.2,109,52,4570,6280,13890,14245,0,1,55,380,0
2026-08-20 13:31:17.157,Regular,180,2026-08-21 18:01:27.050,175.368,9.40206,10.3928,24.0579,26.2,2101,52,4570,6280,13890,14245,0,1,70,693,0
2026-08-20 13:31:17.157,Regular,180,2026-08-21 18:01:42.487,49.4583,30.6399,45.6031,27.8086,26.2,2903,52,4570,6280,13890,14245,0,1,1013,1927,0
2026-08-20 13:31:17.157,Regular,180,2026-08-21 18:07:47.153,150.607,30.2045,13.4425,77.07,26.2,109,52,4570,6280,13890,14245,0,1,101,703,0
2026-08-20 13:31:17.157,Regular,180,2026-08-21 18:08:29.973,187.867,26.725,19.1071,64.6918,26.2,110,52,4570,6280,13890,14245,0,1,182,1181,0
2026-08-20 13:31:17.157,Regular,180,2026-08-21 18:08:51.607,256.833,25.715,15.4026,65.089,26.2,109,52,4570,6280,13890,14245,0,1,115,806,0
2026-08-20 13:31:17.157,Regular,180,2026-08-21 18:10:28.043,216.299,32.8554,24.2133,46.4914,26.2,2102,52,4570,6280,13890,14245,0,1,377,1860,0
2026-08-20 13:31:17.157,Regular,180,2026-08-21 18:13:26.157,241.945,13.5317,5.90121,41.605,26.2,2100,52,4570,6280,13890,14245,0,1,29,195,0
2026-08-20 13:31:17.157,Regular,180,2026-08-21 18:17:40.183,114.565,14.0742,9.30872,36.2484,26.2,2101,52,4570,6280,13890,14245,0,1,63,621,0
2026-08-20 13:31:17.157,Regular,180,2026-08-21 18:19:47.613,71.2419,30.335,9.14182,79.0804,26.2,2101,52,4570,6280,13890,14245,0,1,62,610,0
2026-08-20 13:31:17.157,Regular,180,2026-08-25 14:14:23.797,182.594,77.2121,71.5282,33.8565,26.2,2903,52,4570,6280,13890,14245,0,0,1974,3023,0
2026-08-20 13:31:17.157,Regular,180,2026-08-25 14:14:35.703,224.04,12.0163,6.07671,30.6752,26.2,2101,52,4570,6280,13890,14245,0,0,41,405,0
2026-08-20 13:31:17.157,Regular,180,2026-08-25 14:15:06.737,253.953,24.2819,22.4245,39.58,26.2,110,52,4570,6280,13890,14245,0,0,213,1386,0
2026-08-20 13:31:17.157,Regular,180,2026-08-25 14:20:23.383,200.996,9.07845,10.9988,29.4772,26.2,109,52,4570,6280,13890,14245,0,0,83,575,0
2026-08-20 13:31:17.157,Regular,180,2026-08-25 14:20:49.807,85.3663,20.0162,18.3863,36.4003,26.2,109,52,4570,6280,13890,14245,0,0,137,962,0
2026-08-25 14:29:07.517,Regular,180,2026-08-25 14:38:29.610,48.1143,2.13452,1.30519,13.096,21.5,2000,52,13350,6360,13890,14245,1,1,22,46,0
2026-08-25 14:29:07.517,Regular,180,2026-08-25 14:47:34.707,464.682,16.4721,18.3292,41.9887,26.2,109,52,4570,6280,13890,14245,0,1,136,959,0
2026-08-25 14:29:07.517,Regular,180,2026-08-25 14:47:46.503,382.441,18.2304,18.6242,39.7208,26.2,109,52,4570,6280,13890,14245,0,1,139,974,0
2026-08-25 14:29:07.517,Regular,180,2026-08-25 15:08:37.897,144.597,11.5138,17.0693,27.2335,26.2,109,52,4570,6280,13890,14245,0,0,127,893,0
2026-08-25 14:29:07.517,Regular,180,2026-08-25 15:08:58.170,184.524,12.0906,16.9925,25.955,26.2,109,52,4570,6280,13890,14245,0,0,126,889,0
2026-08-25 14:29:07.517,Regular,180,2026-08-25 15:32:13.833,503.482,11.0471,21.3166,28.8452,26.2,110,52,4570,6280,13890,14245,0,0,203,1318,0
2026-08-25 14:29:07.517,Regular,180,2026-08-25 15:32:31.833,698.303,8.70383,11.916,28.3484,26.2,109,52,4570,6280,13890,14245,0,0,90,623,0
2026-08-25 14:29:07.517,Regular,180,2026-08-25 15:32:47.960,699.911,11.2972,11.9353,29.7791,26.2,109,52,4570,6280,13890,14245,0,0,90,624,0
2026-08-25 14:29:07.517,Regular,180,2026-08-25 15:33:03.877,268.28,9.37958,13.6097,27.3443,26.2,109,52,4570,6280,13890,14245,0,0,101,712,0
2026-08-25 14:29:07.517,Regular,180,2026-08-25 15:37:40.740,239.827,21.0218,28.6911,28.4468,26.2,110,52,4570,6280,13890,14245,0,0,434,1774,0
2026-08-25 14:29:07.517,Regular,180,2026-08-25 15:40:46.320,584.366,11.391,16.4745,26.4662,26.2,109,52,4570,6280,13890,14245,0,0,122,862,0
2026-08-25 14:29:07.517,Regular,180,2026-08-25 15:41:52.463,749.184,10.9716,13.9113,28.1185,26.2,109,52,4570,6280,13890,14245,0,0,104,728,0
2026-08-25 14:29:07.517,Regular,180,2026-08-25 15:44:36.403,651.41,8.68769,9.13558,23.6163,26.2,109,52,4570,6280,13890,14245,0,0,69,478,0
2026-08-25 14:29:07.517,Regular,180,2026-08-25 15:54:32.223,247.568,12.9068,17.1871,27.4969,26.2,109,52,4570,6280,13890,14245,0,0,128,899,0
2026-08-25 14:29:07.517,Regular,180,2026-08-25 15:58:49.417,602.894,13.2967,30.1531,27.0104,26.2,110,52,4570,6280,13890,14245,0,0,481,1864,0
2026-08-25 14:29:07.517,Regular,180,2026-08-25 15:59:05.313,152.086,10.4024,9.44207,28.4014,26.2,109,52,4570,6280,13890,14245,0,0,71,494,0
2026-08-25 14:29:07.517,Regular,180,2026-08-25 15:59:25.300,601.634,18.0008,14.8164,42.1862,26.2,109,52,4570,6280,13890,14245,0,0,111,775,0
2026-08-25 14:29:07.517,Regular,180,2026-08-25 15:59:43.097,990.03,17.2351,14.4864,37.5095,26.2,109,52,4570,6280,13890,14245,0,0,108,758,0
2026-08-25 14:29:07.517,Regular,180,2026-08-25 16:01:45.950,790.637,9.47435,12.9683,26.1665,26.2,109,52,4570,6280,13890,14245,0,0,97,678,0
2026-08-25 14:29:07.517,Regular,180,2026-08-25 18:03:32.893,303.69,20.7498,21.0956,29.012,26.2,110,52,4570,6280,13890,14245,0,0,200,1304,0
2026-08-25 14:29:07.517,Regular,180,2026-08-25 18:24:10.743,45.3947,5.1607,17.6029,8.38096,21.5,109,52,13350,6360,13890,14245,0,0,128,1086,0
2026-08-25 18:40:11.187,Regular,200,2026-08-29 17:35:01.297,126.523,46.0795,74.8424,20.2263,26.2,3115,53,4570,6280,13890,14245,1,1,3638,8607,0
2026-08-29 17:51:01.357,Regular,180,2026-08-29 17:52:32.893,327.674,7.29778,12.4438,25.3496,26.2,109,53,4570,6280,13890,14245,0,0,93,651,0
2026-08-29 17:51:01.357,Regular,180,2026-08-29 17:52:46.247,300.228,7.5472,13.8191,25.0493,26.2,109,53,4570,6280,13890,14245,0,0,104,723,0
2026-08-29 17:51:01.357,Regular,180,2026-08-29 17:52:58.183,519.588,8.02626,10.8145,26.1653,26.2,109,53,4570,6280,13890,14245,0,0,81,566,0
2026-08-29 17:51:01.357,Regular,180,2026-08-29 17:53:11.137,660.188,7.95316,13.6342,26.6134,26.2,109,53,4570,6280,13890,14245,0,0,102,713,0
2026-08-29 17:51:01.357,Regular,180,2026-08-29 18:00:07.437,38.6817,2.14049,1.18173,11.5,21.5,2000,53,13350,6360,13890,14245,0,0,20,42,0
2026-08-29 17:51:01.357,Regular,180,2026-08-30 08:20:09.527,88.0693,8.59397,11.7796,26.213,26.2,109,53,4570,6280,13890,14245,0,0,88,616,0
2026-08-30 08:36:58.810,Regular,124,2026-08-30 08:58:32.037,34.2032,10.0628,18.1474,28.5214,26.2,2207,53,4570,6280,13890,14245,0,0,287,885,0
2026-08-30 08:36:58.810,Regular,124,2026-08-30 10:17:12.863,116.945,12.2572,20.3204,16.1536,25.4,2211,53,6680,6280,13890,7600,0,0,260,1105,0
2026-08-30 08:36:58.810,Regular,124,2026-08-30 10:17:25.787,118.945,7.01565,22.0257,15.5559,25.4,2202,53,6680,6280,13890,7600,0,0,284,1522,0
2026-08-30 08:36:58.810,Regular,124,2026-08-30 10:17:39.723,336.353,4.98448,14.4886,17.312,25.4,2204,53,6680,6280,13890,7600,0,0,125,531,0
2026-08-30 08:36:58.810,Regular,124,2026-08-30 10:18:10.767,169.846,9.70029,30.7591,15.2468,25.4,2206,53,6680,6280,13890,7600,0,0,1327,2029,0
2026-08-30 08:36:58.810,Regular,124,2026-08-30 10:19:32.997,139.37,5.35962,16.7401,18.2259,25.4,2201,53,6680,6280,13890,7600,0,0,127,722,0
2026-08-30 08:36:58.810,Regular,124,2026-08-30 10:19:42.810,366.696,6.4855,16.2022,20.3544,25.4,2207,53,6680,6280,13890,7600,0,0,198,791,0
2026-08-30 08:36:58.810,Regular,124,2026-08-30 10:21:09.507,438.976,5.35992,16.4772,16.7507,25.4,42,53,6680,6280,13890,7600,0,0,84,618,0
2026-08-30 08:36:58.810,Regular,124,2026-08-30 10:22:00.757,63.8338,6.34759,17.255,15.8304,25.4,2201,53,6680,6280,13890,7600,0,0,141,744,0
2026-08-30 08:36:58.810,Regular,124,2026-08-30 10:23:24.543,62.188,8.15672,28.202,15.6839,25.4,2202,53,6680,6280,13890,7600,0,0,712,1948,0
2026-08-30 08:36:58.810,Regular,124,2026-08-30 10:23:35.530,115.443,4.59355,15.309,16.1821,25.4,2207,53,6680,6280,13890,7600,0,0,187,747,0
2026-08-30 08:36:58.810,Regular,124,2026-08-30 10:24:35.467,132.616,26.5479,52.6128,16.0566,25.4,2203,53,6680,6280,13890,7600,0,0,2433,4019,0
2026-08-30 08:36:58.810,Regular,124,2026-08-30 10:25:38.897,193.447,17.1567,29.782,15.352,25.4,2212,53,6680,6280,13890,7600,0,0,1278,1861,0
2026-08-30 08:36:58.810,Regular,124,2026-08-30 10:25:57.287,132.758,4.18864,13.7965,15.7189,25.4,2204,53,6680,6280,13890,7600,0,0,110,505,0
2026-08-30 08:36:58.810,Regular,124,2026-08-30 10:26:57.787,61.1472,19.9201,33.1217,15.2912,25.4,43,53,6680,6280,13890,7600,0,0,547,1748,0
2026-08-30 08:36:58.810,Regular,124,2026-08-30 10:28:18.387,221.26,54.4144,55.4478,17.2935,25.4,44,53,6680,6280,13890,7600,0,0,1515,3289,0
2026-08-30 08:36:58.810,Regular,124,2026-08-30 10:29:00.737,81.9346,11.8127,23.1957,17.2211,25.4,43,53,6680,6280,13890,7600,0,0,214,1224,0
2026-08-30 08:36:58.810,Regular,124,2026-08-30 10:29:20.517,202.388,4.18972,17.4241,14.3414,25.4,42,53,6680,6280,13890,7600,0,0,89,653,0
2026-08-30 08:36:58.810,Regular,124,2026-08-30 10:29:29.890,33.3123,6.13546,21.7694,15.6761,25.4,2208,53,6680,6280,13890,7600,0,0,385,1327,0
2026-08-30 08:36:58.810,Regular,124,2026-08-30 10:30:30.767,249.412,58.9147,63.6435,21.0129,25.4,2209,53,6680,6280,13890,7600,0,0,3971,4644,0
2026-08-30 08:36:58.810,Regular,124,2026-08-30 10:30:58.843,130.88,5.19536,17.3137,15.7447,25.4,2201,53,6680,6280,13890,7600,0,0,131,746,0
2026-08-30 08:36:58.810,Regular,124,2026-08-30 10:32:08.653,84.891,13.422,43.4059,12.2809,25.4,2212,53,6680,6280,13890,7600,0,0,1873,2713,0
2026-08-30 08:36:58.810,Regular,124,2026-08-30 10:35:07.937,728.486,4.57831,15.3605,13.7671,25.4,2201,53,6680,6280,13890,7600,0,0,116,662,0
2026-08-30 08:36:58.810,Regular,124,2026-08-30 10:35:26.653,312.844,46.1439,63.538,14.6271,25.4,2206,53,6680,6280,13890,7600,0,0,3259,4192,0
2026-08-30 08:36:58.810,Regular,124,2026-08-30 10:35:44.370,110.107,5.5784,22.4829,15.0381,25.4,2208,53,6680,6280,13890,7600,0,0,411,1371,0
2026-08-30 08:36:58.810,Regular,124,2026-08-30 10:42:06.493,92.5792,4.95299,16.1989,15.9521,25.4,2204,53,6680,6280,13890,7600,0,0,129,594,0
2026-08-30 17:53:28.807,Regular,255,2026-08-30 18:21:24.610,1160.31,832.445,310.033,38.3658,69,5309,53,31038,31062,32035,32133,1,1,24585,44949,0
2026-08-30 17:53:28.807,Regular,255,2026-08-30 18:42:25.500,377.798,32.6915,114.925,27.2828,69,5308,53,31038,31062,32035,32133,1,1,4233,13914,0
2026-08-30 17:53:28.807,Regular,255,2026-08-30 19:00:49.290,187.02,16.5475,73.1561,33.3237,69,5270,53,31038,31062,32035,32133,1,1,1650,5330,0
2026-08-30 17:53:28.807,Regular,255,2026-08-30 19:04:11.230,276.122,24.2389,86.2091,32.3773,69,5270,53,31038,31062,32035,32133,1,1,3056,6280,0
2026-08-30 17:53:28.807,Regular,255,2026-08-30 19:09:45.593,188.402,86.2295,154.327,34.4998,69,5271,53,31038,31062,32035,32133,1,1,8882,18384,0
2026-08-30 17:53:28.807,Regular,255,2026-08-30 19:22:55.763,278.192,25.5057,82.499,34.5131,69,5270,53,31038,31062,32035,32133,1,1,2688,6010,0
2026-08-30 17:53:28.807,Regular,255,2026-08-30 19:27:43.970,160.477,18.653,57.777,33.5385,69,5299,53,31038,31062,32035,32133,1,1,1526,7131,0
2026-08-30 17:53:28.807,Regular,255,2026-08-30 19:41:13.530,1486.86,1148.18,380.291,305.096,69,5281,53,31038,31062,32035,32133,1,1,30702,87771,0
2026-08-31 12:05:38.950,Regular,255,2026-08-31 12:07:11.457,92.0744,39.9224,107.74,31.7636,72,5271,53,31038,31064,32035,32133,1,0,7115,12836,0
2026-08-31 12:05:38.950,Regular,255,2026-08-31 12:08:53.063,172.604,15.4695,65.162,33.605,72,5270,53,31038,31064,32035,32133,1,0,1736,4748,0
2026-08-31 12:05:38.950,Regular,255,2026-08-31 12:13:23.840,424.077,365.979,340.642,38.3694,87,5272,54,31035,31071,31926,32133,1,0,53592,48309,0
2026-08-31 12:05:38.950,Regular,255,2026-08-31 12:38:41.467,118.502,26.5171,86.3453,34.0933,72,5270,54,31038,31064,32035,32133,1,0,3665,6291,0
2026-08-31 12:05:38.950,Regular,255,2026-08-31 12:40:01.953,114.597,54.3931,154.561,34.3246,87,5271,54,31035,31071,31926,32133,1,0,10205,18412,0
2026-08-31 12:05:38.950,Regular,255,2026-08-31 12:40:51.397,252.714,55.8058,139.273,34.6774,72,5271,54,31038,31064,32035,32133,1,1,9210,16592,0
2026-08-31 12:05:38.950,Regular,255,2026-08-31 12:45:27.063,64.0357,25.8134,80.6892,30.5551,72,5270,54,31038,31064,32035,32133,1,1,3017,5878,0
2026-08-31 12:05:38.950,Regular,255,2026-08-31 12:50:49.320,292.312,15.1101,84.0464,29.1545,87,5271,54,31035,31071,31926,32133,1,1,3293,10012,0
2026-08-31 12:05:38.950,Regular,255,2026-08-31 12:51:13.527,101.29,18.3234,65.2976,28.8409,72,5270,54,31038,31064,32035,32133,1,1,1739,4756,0
2026-08-31 12:05:38.950,Regular,255,2026-08-31 12:56:24.623,268.971,80.3124,166.165,32.9125,87,5271,54,31035,31071,31926,32133,1,1,10979,19796,0
2026-08-31 12:05:38.950,Regular,255,2026-08-31 12:57:01.363,114.461,20.6261,75.331,31.2819,72,5270,54,31038,31064,32035,32133,1,1,2370,5488,0
2026-08-31 12:05:38.950,Regular,255,2026-08-31 12:59:02.890,364.401,30.1503,78.1034,32.3082,72,5270,54,31038,31064,32035,32133,1,1,2697,5690,0
2026-08-31 12:05:38.950,Regular,255,2026-08-31 13:01:03.573,188.176,15.2776,50.6658,31.7947,87,5299,54,31035,31071,31926,32133,1,1,1874,6254,0
2026-08-31 12:05:38.950,Regular,255,2026-08-31 13:04:20.873,80.6686,28.2984,86.9697,33.2965,87,5270,54,31035,31071,31926,32133,1,1,2487,6336,0
2026-08-31 12:05:38.950,Regular,255,2026-08-31 13:05:48.653,57.9282,14.6099,54.0881,28.4647,87,5270,54,31035,31071,31926,32133,1,1,1440,3940,0
2026-08-31 12:05:38.950,Regular,255,2026-08-31 13:31:52.450,65.076,12.6372,58.656,32.7641,72,5308,54,31038,31064,32035,32133,1,1,1515,7101,0
2026-08-31 14:34:20.120,Regular,255,2026-08-31 14:41:13.460,162.801,9.61606,181.37,10.6572,87,5271,54,31035,31071,31926,32133,1,0,12245,21606,0
2026-08-31 14:34:20.120,Regular,255,2026-08-31 14:41:35.227,176.4,30.2354,79.094,38.4202,72,5270,54,31038,31064,32035,32133,1,0,2819,5763,0
2026-08-31 14:51:52.893,FishingTogether,255,2026-08-31 14:54:43.210,681.946,438.277,280.168,303.013,87,5280,54,31035,31071,31926,32133,1,0,18638,52281,0
2026-08-31 14:51:52.893,FishingTogether,255,2026-08-31 15:20:28.323,656.458,18.5478,138.423,29.0066,87,5271,54,31035,31071,31926,32133,1,0,11121,19787,0
2026-08-31 14:51:52.893,FishingTogether,255,2026-08-31 15:24:31.440,593.989,173.333,135.516,138.632,72,5316,54,31038,31064,32035,32133,1,0,10545,34852,0
2026-08-31 14:51:52.893,FishingTogether,255,2026-08-31 15:39:26.200,222.391,27.659,87.8642,28.8034,72,5308,54,31038,31064,32035,32133,1,1,4541,12766,0
2026-08-31 14:51:52.893,FishingTogether,255,2026-08-31 15:44:17.067,81.0193,33.4376,105.114,34.3882,87,5308,54,31035,31071,31926,32133,1,1,5403,15273,0
2026-08-31 17:05:42.327,FishingTogether,255,2026-08-31 17:19:55.340,379.526,151.804,64.0424,312.103,87,5270,54,31035,31071,31926,32133,1,0,2340,5600,0
2026-08-31 17:05:42.327,FishingTogether,255,2026-08-31 17:32:34.833,63.6968,13.438,71.8198,36.4498,87,5270,54,31035,31071,31926,32133,1,1,2540,6278,0
2026-08-31 17:05:42.327,FishingTogether,255,2026-08-31 17:33:45.890,679.238,591.715,365.124,35.8611,87,5272,55,31035,31071,31926,32133,1,1,66248,62138,0
2026-08-31 17:05:42.327,FishingTogether,255,2026-08-31 17:34:16.697,46.8743,25.4365,159.656,33.6902,72,5271,55,31038,31064,32035,32133,1,1,13086,22824,0
2026-08-31 17:05:42.327,FishingTogether,255,2026-08-31 17:45:33.897,41.6061,20.0479,70.1855,38.3967,87,5270,55,31035,31071,31926,32133,1,1,2484,6136,0
2026-08-31 17:05:42.327,FishingTogether,255,2026-08-31 17:46:23.673,238.564,67.5713,185.066,47.6072,87,5271,55,31035,31071,31926,32133,1,1,14943,26456,0
2026-08-31 17:05:42.327,FishingTogether,255,2026-08-31 17:46:50.707,56.7396,16.4409,114.916,31.8542,72,5271,55,31038,31064,32035,32133,1,1,9042,16429,0
2026-08-31 17:05:42.327,FishingTogether,255,2026-08-31 17:50:32.393,127.557,18.1103,55.9709,33.8155,87,5270,55,31035,31071,31926,32133,1,1,1982,4892,0
2026-08-31 17:05:42.327,FishingTogether,255,2026-08-31 17:52:57.137,87.9557,19.2034,69.8442,33.372,87,5270,55,31035,31071,31926,32133,1,1,2471,6106,0
2026-08-31 17:05:42.327,FishingTogether,255,2026-08-31 17:53:25.373,101.392,9.70258,16.0998,23.9513,72,5296,55,31038,31064,32035,32133,1,1,1011,3625,0
2026-08-31 17:05:42.327,FishingTogether,255,2026-08-31 17:55:52.797,65.266,19.6331,52.9801,29.5808,72,5298,55,31038,31064,32035,32133,1,1,15725,14240,0
2026-08-31 17:05:42.327,FishingTogether,255,2026-08-31 17:57:11.673,51.8001,13.8134,78.592,18.7309,72,5270,55,31038,31064,32035,32133,1,1,3447,6871,0
2026-08-31 18:24:11.513,FishingTogether,255,2026-08-31 18:26:41.990,312.986,126.249,193.286,46.9327,72,5309,55,31038,31064,32035,32133,1,1,17355,33628,0
2026-08-31 18:24:11.513,FishingTogether,255,2026-08-31 18:32:24.000,138.592,18.6282,37.8668,44.7491,72,5249,55,31038,31064,32035,32133,1,1,2321,9162,0
2026-08-31 18:24:11.513,FishingTogether,255,2026-08-31 18:51:25.643,52.1392,16.2285,70.4289,23.8186,87,5270,55,31035,31071,31926,32133,1,1,2573,6158,0
2026-08-31 18:24:11.513,FishingTogether,255,2026-08-31 18:51:48.663,111.434,76.9398,146.734,23.8199,72,5271,56,31038,31064,32035,32133,1,1,11912,20975,0
2026-08-31 18:24:11.513,FishingTogether,255,2026-08-31 18:54:05.137,94.1105,13.9192,44.0947,23.6365,87,5299,56,31035,31071,31926,32133,1,1,2240,6530,0
2026-08-31 18:24:11.513,FishingTogether,255,2026-08-31 18:55:46.553,127.594,17.9195,82.826,31.4053,87,5270,56,31035,31071,31926,32133,1,1,3033,7241,0
2026-08-31 18:24:11.513,FishingTogether,255,2026-08-31 18:58:08.893,692.914,556.066,318.904,27.6966,87,5272,56,31035,31071,31926,32133,1,1,57300,54272,0
2026-08-31 19:29:29.060,Regular,124,2026-08-31 19:30:25.480,411.872,6.15613,27.9593,15.5907,25.4,2205,56,6680,6280,13890,7600,0,0,1239,2482,0
2026-08-31 19:29:29.060,Regular,124,2026-08-31 19:30:41.820,526.786,12.8502,29.703,15.9289,25.4,2202,56,6680,6280,13890,7600,0,0,1130,3078,0
2026-08-31 19:29:29.060,Regular,124,2026-08-31 19:31:03.100,409.644,7.57959,28.9187,16.0469,25.4,2212,56,6680,6280,13890,7600,0,0,1826,2710,0
2026-08-31 19:29:29.060,Regular,124,2026-08-31 19:31:32.030,242.199,4.86288,16.7835,15.6353,25.4,2204,56,6680,6280,13890,7600,0,0,200,922,0
2026-08-31 19:29:29.060,Regular,124,2026-08-31 19:35:42.477,240.422,7.68507,17.7463,19.7745,25.4,2207,56,6680,6280,13890,7600,0,0,302,1299,0
2026-08-31 19:29:29.060,Regular,124,2026-08-31 19:37:35.023,48.8308,5.42365,22.7169,14.0249,25.4,43,56,6680,6280,13890,7600,0,0,299,1798,0
2026-08-31 19:29:29.060,Regular,124,2026-08-31 19:38:01.903,465.495,23.9373,60.9041,15.4333,25.4,2209,56,6680,6280,13890,7600,0,0,5535,6666,0
2026-08-31 19:29:29.060,Regular,124,2026-08-31 19:38:31.953,337.723,12.5594,38.5435,15.2868,25.4,2206,56,6680,6280,13890,7600,0,0,2495,3814,0
2026-08-31 19:29:29.060,Regular,124,2026-08-31 19:39:51.007,63.2792,12.1552,31.9973,16.1355,25.4,2209,56,6680,6280,13890,7600,0,0,2430,3502,0
2026-08-31 19:29:29.060,Regular,124,2026-08-31 19:40:07.163,198.657,6.17555,31.9075,13.3096,25.4,2202,56,6680,6280,13890,7600,0,0,1221,3306,0
2026-08-31 19:29:29.060,Regular,124,2026-08-31 19:41:03.770,252.324,26.6492,42.6485,20.4813,25.4,44,56,6680,6280,13890,7600,0,0,1560,3795,0
2026-08-31 19:29:29.060,Regular,124,2026-08-31 19:43:35.130,53.4233,13.0185,30.0714,15.8673,25.4,2202,56,6680,6280,13890,7600,0,0,1149,3116,0
2026-08-31 19:29:29.060,Regular,124,2026-08-31 19:44:39.410,181.72,4.62451,16.0963,13.058,25.4,2201,56,6680,6280,13890,7600,0,0,183,1041,0
2026-08-31 19:29:29.060,Regular,124,2026-08-31 19:46:28.553,51.1714,16.8769,42.9619,13.7612,25.4,2212,56,6680,6280,13890,7600,0,0,2780,4028,0
2026-08-31 19:29:29.060,Regular,124,2026-08-31 19:46:54.523,322.13,4.87233,11.0529,16.2465,25.4,42,56,6680,6280,13890,7600,0,0,86,621,0
2026-08-31 19:29:29.060,Regular,124,2026-08-31 19:47:28.960,76.0702,12.9181,31.7289,13.9008,25.4,43,56,6680,6280,13890,7600,0,0,786,2512,0
2026-08-31 19:29:29.060,Regular,124,2026-08-31 19:47:48.773,542.717,5.6277,16.413,12.9326,25.4,42,56,6680,6280,13890,7600,0,0,126,922,0
2026-08-31 19:29:29.060,Regular,124,2026-08-31 19:49:12.960,67.0408,20.9521,64.3244,15.4105,25.4,2206,56,6680,6280,13890,7600,0,0,5163,6366,0
2026-08-31 19:29:29.060,Regular,124,2026-08-31 19:50:46.970,72.4067,5.10224,16.6361,16.5617,25.4,2201,56,6680,6280,13890,7600,0,0,189,1076,0
2026-08-31 19:29:29.060,Regular,124,2026-08-31 19:52:07.050,253.737,50.4608,59.5897,17.0492,25.4,2203,56,6680,6280,13890,7600,0,0,4349,6828,0
2026-08-31 19:29:29.060,Regular,124,2026-08-31 19:58:10.020,40.0476,3.85897,14.3243,13.4806,25.4,2207,56,6680,6280,13890,7600,0,0,243,1048,0
2026-08-31 19:29:29.060,Regular,124,2026-09-01 08:50:09.503,200.394,29.7818,50.8744,11.4552,25.4,2206,56,6680,6280,13890,7600,0,0,3399,5034,0
2026-08-31 19:29:29.060,Regular,124,2026-09-01 08:50:20.470,261.544,5.15662,17.5803,12.5747,25.4,42,56,6680,6280,13890,7600,0,0,135,988,0
2026-08-31 19:29:29.060,Regular,124,2026-09-01 08:50:29.567,137.575,13.0316,29.1542,12.7066,25.4,2205,56,6680,6280,13890,7600,0,0,1355,2589,0
2026-08-31 19:29:29.060,Regular,124,2026-09-01 08:50:39.533,287.902,5.06272,17.3126,14.4517,25.4,2207,56,6680,6280,13890,7600,0,0,294,1268,0
2026-08-31 19:29:29.060,Regular,124,2026-09-01 08:52:54.923,341.619,18.7038,46.6752,17.9294,25.4,2209,56,6680,6280,13890,7600,0,0,3594,5109,0
2026-08-31 19:29:29.060,Regular,124,2026-09-01 08:53:38.227,46.8828,8.40711,26.7176,13.6836,25.4,2202,56,6680,6280,13890,7600,0,0,881,2769,0
2026-08-31 19:29:29.060,Regular,124,2026-09-01 08:54:32.530,99.3516,12.4366,24.7895,13.3594,25.4,2208,56,6680,6280,13890,7600,0,0,911,2268,0
2026-08-31 19:29:29.060,Regular,124,2026-09-01 08:54:49.937,251.403,18.4548,47.0161,15.049,25.4,44,56,6680,6280,13890,7600,0,0,1749,4184,0
2026-08-31 19:29:29.060,Regular,124,2026-09-01 08:55:35.217,58.9766,15.2969,48.9501,10.8419,25.4,2212,56,6680,6280,13890,7600,0,0,3222,4588,0
2026-08-31 19:29:29.060,Regular,124,2026-09-01 08:57:03.573,66.6059,18.4224,29.594,13.6953,25.4,43,56,6680,6280,13890,7600,0,0,728,2343,0
2026-08-31 19:29:29.060,Regular,124,2026-09-01 09:00:52.307,227.247,4.40621,12.9051,15.0444,25.4,2201,56,6680,6280,13890,7600,0,0,147,834,0
2026-08-31 19:29:29.060,Regular,124,2026-09-01 09:01:01.647,166.616,13.7879,16.9352,15.2558,25.4,42,56,6680,6280,13890,7600,0,0,131,952,0
2026-08-31 19:29:29.060,Regular,124,2026-09-01 09:01:10.227,527.5,7.25949,29.2352,16.0315,25.4,2208,56,6680,6280,13890,7600,0,0,1523,2674,0
2026-08-31 19:29:29.060,Regular,124,2026-09-01 09:01:24.850,489.412,26.3916,40.466,14.0142,25.4,2206,56,6680,6280,13890,7600,0,0,2619,4005,0
2026-08-31 19:29:29.060,Regular,124,2026-09-01 09:03:56.913,377.67,11.0104,39.3593,15.1705,25.4,2203,56,6680,6280,13890,7600,0,0,2436,4510,0
2026-08-31 19:29:29.060,Regular,124,2026-09-01 09:04:47.997,233.696,9.90635,33.3243,15.3181,25.4,2202,56,6680,6280,13890,7600,0,0,1275,3453,0
2026-08-31 19:29:29.060,Regular,124,2026-09-01 09:08:51.067,816.761,14.5164,27.7098,11.2888,25.4,2211,56,6680,6280,13890,7600,0,0,980,2260,0
2026-08-31 19:29:29.060,Regular,124,2026-09-01 09:10:26.850,536.811,10.7811,38.1823,15.1182,25.4,2209,56,6680,6280,13890,7600,0,0,2900,4179,0
2026-08-31 19:29:29.060,Regular,124,2026-09-01 09:10:39.287,53.6,5.16217,16.9876,16.2255,25.4,2204,56,6680,6280,13890,7600,0,0,203,933,0
2026-08-31 19:29:29.060,Regular,124,2026-09-01 09:10:49.303,866.071,4.31306,16.4292,12.2163,25.4,2201,56,6680,6280,13890,7600,0,0,186,1062,0
2026-08-31 19:29:29.060,Regular,124,2026-09-01 09:15:08.930,267.278,5.1877,29.5498,10.6422,25.4,43,56,6680,6280,13890,7600,0,0,726,2340,0
2026-08-31 19:29:29.060,Regular,124,2026-09-01 09:19:45.177,351.589,13.6562,29.1414,17.1518,25.4,43,56,6680,6280,13890,7600,0,0,710,2307,0
2026-08-31 19:29:29.060,Regular,124,2026-09-01 09:19:55.100,391.635,5.85965,13.6876,18.0812,25.4,2201,56,6680,6280,13890,7600,0,0,156,885,0
2026-08-31 19:29:29.060,Regular,124,2026-09-01 09:22:41.187,393.374,5.90589,16.9487,15.6257,25.4,2207,56,6680,6280,13890,7600,0,0,288,1240,0
2026-08-31 19:29:29.060,Regular,124,2026-09-01 09:26:02.707,164.64,5.03128,16.638,15.3763,25.4,42,56,6680,6280,13890,7600,0,0,128,936,0
2026-08-31 19:29:29.060,Regular,124,2026-09-01 09:26:34.970,1047.12,2.25088,11.0223,13.2506,25.4,42,56,6680,6280,13890,7600,0,0,86,620,0
2026-08-31 19:29:29.060,Regular,124,2026-09-01 09:29:26.063,684.257,5.03147,16.8358,14.6054,25.4,42,56,6680,6280,13890,7600,0,0,129,946,0
2026-08-31 19:29:29.060,Regular,124,2026-09-01 09:41:05.003,132.606,43.0001,49.5486,16.4792,25.4,2212,56,6680,6280,13890,7600,0,0,3341,4646,0
2026-09-01 11:56:44.750,Regular,124,2026-09-01 11:58:56.233,61.632,10.846,3.39738,29.4213,27,2200,56,4570,15200,13950,14640,0,0,51,234,0
2026-09-01 11:56:44.750,Regular,124,2026-09-01 12:02:20.330,62.7165,11.0764,3.19794,30.8141,27,2100,56,4570,15200,13950,14640,0,0,26,182,0
2026-09-01 11:56:44.750,Regular,124,2026-09-01 12:16:33.263,104.528,10.2275,0.717124,28.8679,27,2000,56,4570,15200,13950,14640,0,0,15,33,0
2026-09-01 11:56:44.750,Regular,124,2026-09-01 12:16:45.097,136.851,9.73445,0.778644,28.3533,27,2222,56,4570,15200,13950,14640,0,0,77,54,0
2026-09-01 11:56:44.750,Regular,124,2026-09-01 12:16:56.717,149.515,9.85961,1.80375,28.7835,27,2223,56,4570,15200,13950,14640,0,0,215,159,0
2026-09-01 11:56:44.750,Regular,124,2026-09-01 12:32:34.863,57.3924,10.7503,0.964505,31.6377,27,2603,56,4570,15200,13950,14640,0,0,17,75,0
2026-09-01 11:56:44.750,Regular,124,2026-09-01 12:33:43.130,268.014,8.67182,0.575279,28.5942,27,2000,56,4570,15200,13950,14640,0,0,12,26,0
2026-09-01 11:56:44.750,Regular,124,2026-09-01 12:36:33.253,75.0785,10.2969,2.14313,29.7252,27,41,56,4570,15200,13950,14640,0,0,29,112,0
2026-09-01 11:56:44.750,Regular,124,2026-09-01 12:37:57.677,319.36,9.54499,0.719187,29.9833,27,2222,56,4570,15200,13950,14640,0,0,71,50,0
2026-09-01 11:56:44.750,Regular,124,2026-09-01 12:38:21.300,41.0784,9.66878,2.02118,31.4125,27,2303,56,4570,15200,13950,14640,0,0,47,112,0
2026-09-01 11:56:44.750,Regular,124,2026-09-01 12:39:12.177,338.53,9.3947,0.469442,29.7827,27,2000,56,4570,15200,13950,14640,0,0,11,21,0
2026-09-01 11:56:44.750,Regular,124,2026-09-01 12:39:32.897,107.19,9.75046,0.491844,30.9816,27,2000,56,4570,15200,13950,14640,0,0,11,22,0
2026-09-01 11:56:44.750,Regular,124,2026-09-01 12:43:26.583,24.8128,9.96895,0.766855,30.754,27,2222,56,4570,15200,13950,14640,0,0,75,52,0
2026-09-01 11:56:44.750,Regular,124,2026-09-01 12:45:03.117,37.7119,10.7628,2.88997,31.2584,27,2303,56,4570,15200,13950,14640,0,0,65,160,0
2026-09-01 11:56:44.750,Regular,124,2026-09-01 12:48:41.293,115.607,10.1096,0.628905,32.0694,27,2222,56,4570,15200,13950,14640,0,0,62,44,0
2026-09-01 11:56:44.750,Regular,124,2026-09-01 12:49:21.110,92.4167,9.50313,0.969111,28.5934,27,2000,56,4570,15200,13950,14640,0,0,20,44,0
2026-09-01 11:56:44.750,Regular,124,2026-09-03 13:12:47.240,226.577,11.4745,3.05666,32.7176,27,2303,56,4570,15200,13950,14640,0,0,69,170,0
2026-09-01 11:56:44.750,Regular,124,2026-09-03 13:12:59.487,230.715,8.98432,1.17819,28.625,27,2603,56,4570,15200,13950,14640,0,0,20,92,0
2026-09-01 11:56:44.750,Regular,124,2026-09-03 13:17:00.660,375.078,9.23101,0.790622,28.7513,27,2000,56,4570,15200,13950,14640,0,0,15,36,0
2026-09-01 11:56:44.750,Regular,124,2026-09-03 13:23:27.420,234.405,9.23969,1.38351,28.9489,27,2600,56,4570,15200,13950,14640,0,0,21,87,0
2026-09-01 11:56:44.750,Regular,124,2026-09-03 13:27:35.340,65.4241,11.4624,0.75776,30.3914,27,2000,56,4570,15200,13950,14640,0,0,15,34,0
2026-09-03 17:58:01.427,Regular,255,2026-09-03 18:19:00.867,626.406,6.34381,104.552,42.2539,87,5308,56,31035,31071,31926,32133,1,0,3570,12658,0
2026-09-03 17:58:01.427,Regular,255,2026-09-03 18:20:42.830,358.912,5.2661,111.618,33.2215,72,5308,56,31038,31064,31926,32133,1,0,4112,13514,0
2026-09-03 17:58:01.427,Regular,255,2026-09-03 18:29:39.193,36.3974,5.219,311.774,36.3863,87,5310,57,31035,31071,31926,32133,1,0,39518,48243,0
2026-09-03 17:58:01.427,Regular,255,2026-09-03 18:30:29.540,66.3343,5.33825,302.641,30.1719,87,5309,57,31035,31071,31926,32133,1,0,22659,43876,0
2026-09-03 17:58:01.427,Regular,255,2026-09-03 18:32:16.350,41.6223,5.20038,96.3141,41.141,72,5308,57,31038,31064,31926,32133,1,0,3414,11661,0
2026-09-03 17:58:01.427,Regular,255,2026-09-03 18:38:02.537,84.4614,5.1245,85.8112,22.2976,72,5308,57,31038,31064,31926,32133,1,1,2382,10389,0
2026-09-03 17:58:01.427,Regular,255,2026-09-03 18:39:34.810,449.078,5.15605,410.97,29.1657,72,5311,57,31038,31064,31926,32133,1,1,113738,78736,0
2026-09-03 17:58:01.427,Regular,255,2026-09-03 18:52:29.783,67.7135,9.76222,82.8955,23.5089,87,5270,57,31035,31071,31926,32133,1,1,1587,6039,0
2026-09-03 17:58:01.427,Regular,255,2026-09-03 18:52:53.187,77.1482,5.17103,135.359,29.5232,72,5300,58,31038,31064,31926,32133,1,1,12573,18700,0
2026-09-03 17:58:01.427,Regular,255,2026-09-03 18:53:46.797,82.7232,5.22092,281.924,33.3901,87,5272,58,31035,31071,31926,32133,1,1,36444,39982,0
2026-09-03 17:58:01.427,Regular,255,2026-09-03 18:56:21.707,57.3443,5.04718,77.9911,30.6878,72,5270,58,31038,31064,31926,32133,1,1,1640,5682,0
2026-09-03 17:58:01.427,Regular,255,2026-09-03 19:11:15.433,239.805,5.28158,281.648,303.871,72,5280,58,31038,31064,31926,32133,1,1,14622,43797,0
2026-09-03 17:58:01.427,Regular,255,2026-09-04 16:37:39.717,458.572,5.1569,253.19,27.2517,87,5309,58,31035,31071,31926,32133,1,1,17382,36708,0
2026-09-03 17:58:01.427,Regular,255,2026-09-04 16:45:32.217,332.068,5.15442,118.9,31.8206,87,5308,58,31035,31071,31926,32133,1,1,4380,14396,0
2026-09-03 17:58:01.427,Regular,255,2026-09-04 17:00:47.467,770.305,4.99958,257.284,36.0812,87,5309,58,31035,31071,31926,32133,1,1,17831,37300,0
2026-09-05 10:07:34.013,Regular,124,2026-09-05 10:08:29.783,76.3365,1.29565,1.23694,30.4214,27,2603,58,4570,15200,13950,14640,0,0,24,96,0
2026-09-05 10:07:34.013,Regular,124,2026-09-05 10:08:44.767,265.821,1.84381,1.03565,31.5203,27,2603,58,4570,15200,13950,14640,0,0,20,81,0
2026-09-05 10:07:34.013,Regular,124,2026-09-05 10:13:29.400,21.658,1.54771,0.390792,28.3303,27,2000,58,4570,15200,13950,14640,0,0,11,18,0
2026-09-05 10:07:34.013,Regular,124,2026-09-05 10:14:01.020,45.7508,1.25177,0.87355,27.1292,27,2222,58,4570,15200,13950,14640,0,0,93,60,0
2026-09-05 11:22:39.880,Regular,124,2026-09-05 11:24:46.463,83.0104,9.67274,0.951047,29.1234,27,2000,58,4570,15200,13950,14640,0,0,20,44,0
2026-09-05 11:22:39.880,Regular,124,2026-09-05 11:26:18.833,179.163,11.11,0.884321,31.8299,27,2603,58,4570,15200,13950,14640,0,0,17,69,0
2026-09-05 11:22:39.880,Regular,124,2026-09-05 11:32:08.790,83.7249,11.1491,2.89177,30.9271,27,2100,58,4570,15200,13950,14640,0,0,18,165,0
2026-09-05 11:22:39.880,Regular,124,2026-09-05 11:32:42.177,303.059,12.0628,3.11964,33.9265,27,2100,58,4570,15200,13950,14640,0,0,20,177,0
2026-09-05 11:22:39.880,Regular,124,2026-09-05 11:33:42.593,62.5758,11.2342,2.70769,33.0714,27,2303,58,4570,15200,13950,14640,0,0,68,150,0
2026-09-05 11:22:39.880,Regular,124,2026-09-05 11:34:54.217,135.781,9.24994,1.488,30.2508,27,2603,58,4570,15200,13950,14640,0,0,29,117,0
2026-09-05 11:22:39.880,Regular,124,2026-09-05 11:37:19.560,172.041,10.3443,1.01341,29.036,27,2222,58,4570,15200,13950,14640,0,0,108,70,0
2026-09-05 11:22:39.880,Regular,124,2026-09-05 11:40:34.383,137.329,10.9063,3.43889,30.8604,27,2304,58,4570,15200,13950,14640,0,0,191,368,0
2026-09-05 11:22:39.880,Regular,124,2026-09-05 11:46:21.740,156.686,10.4064,3.57075,31.1131,27,2100,58,4570,15200,13950,14640,0,0,21,202,0
2026-09-05 11:22:39.880,Regular,124,2026-09-05 11:46:59.193,188.729,9.79619,1.87571,29.1897,27,2223,58,4570,15200,13950,14640,0,0,242,165,0
2026-09-05 11:22:39.880,Regular,124,2026-09-05 11:50:18.647,40.9223,8.98455,0.830975,29.2268,27,2000,58,4570,15200,13950,14640,0,0,18,38,0
2026-09-05 11:22:39.880,Regular,124,2026-09-05 11:54:10.837,231.846,4.39169,1.61678,14.8821,27,2300,58,4570,15200,13950,14640,0,0,33,132,0
2026-09-05 11:22:39.880,Regular,124,2026-09-05 11:54:19.680,107.824,4.96891,2.64153,16.1899,27,2100,58,4570,15200,13950,14640,0,0,17,150,0
2026-09-05 11:22:39.880,Regular,124,2026-09-05 11:54:38.323,277.007,4.44517,0.789579,14.6124,27,2000,58,4570,15200,13950,14640,0,0,17,36,0
2026-09-05 11:22:39.880,Regular,124,2026-09-05 11:56:23.890,120.19,4.25513,1.70175,13.494,27,2400,58,4570,15200,13950,14640,0,0,24,99,0
2026-09-05 11:22:39.880,Regular,124,2026-09-05 11:56:46.707,34.2256,5.09371,2.11959,15.1629,27,2401,58,4570,15200,13950,14640,0,0,35,154,0
2026-09-05 11:22:39.880,Regular,124,2026-09-05 11:57:29.787,63.9589,4.16133,1.48837,12.2804,27,2400,58,4570,15200,13950,14640,0,0,20,86,0
2026-09-05 11:22:39.880,Regular,124,2026-09-05 11:58:42.150,232.355,5.77158,3.74113,15.4294,27,2301,58,4570,15200,13950,14640,0,0,110,348,0
2026-09-05 11:22:39.880,Regular,124,2026-09-05 11:58:52.277,69.655,5.21911,1.32367,15.4356,27,2400,58,4570,15200,13950,14640,0,0,18,76,0
2026-09-05 11:22:39.880,Regular,124,2026-09-05 11:59:31.270,60.7446,4.82466,1.76187,15.411,27,2300,58,4570,15200,13950,14640,0,0,36,144,0
2026-09-05 11:22:39.880,Regular,124,2026-09-05 11:59:52.643,181.003,3.17019,0.672034,11.8076,27,2000,58,4570,15200,13950,14640,0,0,15,30,0
2026-09-05 11:22:39.880,Regular,124,2026-09-05 12:00:10.177,38.9911,4.97227,1.66947,14.5613,27,2400,58,4570,15200,13950,14640,0,0,24,98,0
2026-09-05 11:22:39.880,Regular,124,2026-09-05 12:00:40.043,87.0504,5.7717,0.66031,16.2458,27,2000,58,4570,15200,13950,14640,0,0,15,30,0
2026-09-05 11:22:39.880,Regular,124,2026-09-05 12:00:57.693,35.3424,4.07676,1.82283,13.9164,27,2300,58,4570,15200,13950,14640,0,0,38,148,0
2026-09-05 12:06:50.313,Regular,124,2026-09-05 12:08:02.657,131.134,10.7471,2.06518,30.8417,27,2303,58,4570,15200,13950,14640,0,0,47,116,0
2026-09-05 12:06:50.313,Regular,124,2026-09-05 12:08:12.783,75.3928,10.3599,0.904976,32.6592,27,2603,58,4570,15200,13950,14640,0,0,17,70,0
2026-09-05 12:06:50.313,Regular,124,2026-09-05 12:08:24.407,168.342,10.0782,0.94924,31.2694,27,2222,58,4570,15200,13950,14640,0,0,93,66,0
2026-09-05 12:06:50.313,Regular,124,2026-09-05 12:08:34.453,534.553,8.01698,2.01614,28.6641,27,2401,58,4570,15200,13950,14640,0,0,30,147,0
2026-09-05 12:06:50.313,Regular,124,2026-09-05 12:09:37.737,60.6187,10.1568,2.12231,30.9757,27,2223,58,4570,15200,13950,14640,0,0,252,188,0
2026-09-05 12:06:50.313,Regular,124,2026-09-05 12:10:23.560,67.0319,10.5778,1.35718,30.9138,27,2600,58,4570,15200,13950,14640,0,0,21,86,0
2026-09-05 12:06:50.313,Regular,124,2026-09-05 12:10:47.450,227.318,10.249,2.59119,28.8328,27,2604,58,4570,15200,13950,14640,0,0,104,220,0
2026-09-05 12:06:50.313,Regular,124,2026-09-05 12:11:40.140,65.9848,9.65549,0.624369,31.3448,27,2000,58,4570,15200,13950,14640,0,0,12,28,0
2026-09-05 12:06:50.313,Regular,124,2026-09-05 12:11:51.483,38.8128,10.2226,0.529698,33.1785,27,2000,58,4570,15200,13950,14640,0,0,11,24,0
2026-09-05 12:06:50.313,Regular,124,2026-09-05 12:12:56.117,46.8757,9.87578,1.1079,29.4869,27,2603,58,4570,15200,13950,14640,0,0,20,87,0
2026-09-05 12:06:50.313,Regular,124,2026-09-05 12:13:06.833,236.546,9.36253,0.868376,32.5256,27,2222,58,4570,15200,13950,14640,0,0,84,60,0
2026-09-05 12:06:50.313,Regular,124,2026-09-05 12:13:52.083,513.754,8.14477,1.46878,29.222,27,2603,58,4570,15200,13950,14640,0,0,24,116,0
2026-09-05 12:06:50.313,Regular,124,2026-09-05 12:14:46.910,195.604,9.91509,3.37464,32.6654,27,2602,58,4570,15200,13950,14640,0,0,129,288,0
2026-09-05 12:06:50.313,Regular,124,2026-09-05 12:17:12.427,73.5283,9.8163,1.50699,29.8977,27,2300,58,4570,15200,13950,14640,0,0,29,123,0
2026-09-05 12:06:50.313,Regular,124,2026-09-05 12:18:36.513,301.688,10.7514,2.50715,31.2755,27,2402,58,4570,15200,13950,14640,0,0,56,224,0
2026-09-05 12:06:50.313,Regular,124,2026-09-05 12:18:49.170,28.0919,11.2495,1.49268,31.2831,27,2601,58,4570,15200,13950,14640,0,0,30,118,0
2026-09-05 12:06:50.313,Regular,124,2026-09-05 12:19:30.653,62.7944,11.9534,4.575,31.947,27,42,58,4570,15200,13950,14640,0,0,36,258,0
2026-09-05 12:30:04.390,Regular,124,2026-09-05 12:32:25.953,254.028,5.56331,1.90935,17.917,27,2401,58,4570,15200,13950,14640,0,0,29,140,0
2026-09-05 12:30:04.390,Regular,124,2026-09-05 12:32:38.967,54.5122,6.59334,2.47507,19.7696,27,2601,58,4570,15200,13950,14640,0,0,50,196,0
2026-09-05 12:30:04.390,Regular,124,2026-09-05 12:32:47.950,32.7011,6.34491,0.735947,18.8018,27,2000,58,4570,15200,13950,14640,0,0,15,33,0
2026-09-05 12:30:04.390,Regular,124,2026-09-05 12:32:57.153,152.999,5.46975,1.08428,18.9468,27,2600,58,4570,15200,13950,14640,0,0,18,68,0
2026-09-05 12:30:04.390,Regular,124,2026-09-05 12:34:03.967,176.998,6.45243,3.49677,18.3092,27,2100,58,4570,15200,13950,14640,0,0,20,200,0
2026-09-05 12:30:04.390,Regular,124,2026-09-05 12:36:50.200,109.376,5.83906,0.974551,16.8539,27,2222,58,4570,15200,13950,14640,0,0,95,68,0
2026-09-05 12:30:04.390,Regular,124,2026-09-05 12:37:09.513,101.64,5.73486,0.899978,18.2624,27,2000,58,4570,15200,13950,14640,0,0,18,40,0
2026-09-05 12:30:04.390,Regular,124,2026-09-05 12:39:27.503,20.8911,5.45206,2.93966,17.817,27,2100,58,4570,15200,13950,14640,0,0,17,168,0
2026-09-05 12:50:55.120,Regular,255,2026-09-05 13:00:37.077,71.2267,5.13797,262.636,24.7316,72,5309,58,31038,31064,31926,32133,1,1,19413,38078,0
2026-09-05 12:50:55.120,Regular,255,2026-09-05 13:08:31.323,254.847,5.16912,320.359,30.6057,72,5272,58,31038,31064,31926,32133,1,1,44748,45432,0
2026-09-05 12:50:55.120,Regular,255,2026-09-05 13:16:38.887,22.1946,5.10898,55.5847,31.3899,72,5270,58,31038,31064,31926,32133,1,1,1058,4050,0
2026-09-05 14:14:05.217,Regular,124,2026-09-05 14:15:14.820,29.0472,2.84399,1.50718,33.0492,8.61,2603,58,1669,1683,13950,14640,0,0,29,118,0
2026-09-05 14:14:05.217,Regular,124,2026-09-05 14:15:55.417,104.656,2.67641,0.828198,28.934,8.61,2000,58,1669,1683,13950,14640,0,0,18,38,0
2026-09-05 14:14:05.217,Regular,124,2026-09-05 14:16:07.460,442.372,2.75206,0.969706,29.4563,8.61,2600,58,1669,1683,13950,14640,0,0,17,60,0
2026-09-05 14:14:05.217,Regular,124,2026-09-05 14:16:33.477,81.9955,2.75072,1.96414,28.8001,8.61,2223,58,1669,1683,13950,14640,0,0,254,172,0
2026-09-05 14:14:05.217,Regular,124,2026-09-05 14:18:05.413,36.7195,2.87242,0.954788,29.1056,8.61,2222,58,1669,1683,13950,14640,0,0,93,66,0
2026-09-05 14:14:05.217,Regular,124,2026-09-05 14:19:45.810,135.076,3.05394,2.58981,30.2037,8.61,2303,58,1669,1683,13950,14640,0,0,65,144,0
2026-09-05 14:32:14.567,Regular,255,2026-09-05 14:35:20.037,182.45,5.37524,306.37,320.677,72,5280,58,31038,31064,31926,32133,1,1,16296,47642,0
2026-09-05 14:32:14.567,Regular,255,2026-09-05 14:38:57.873,395.711,3.25033,422.832,321.076,87,5281,59,31035,31071,31926,32133,1,1,33986,97590,0
2026-09-05 14:32:14.567,Regular,255,2026-09-05 14:46:42.227,50.0836,5.07846,81.2478,25.3367,87,5308,59,31035,31071,31926,32133,1,1,1497,9837,0
2026-09-05 14:48:46.277,FishingTogether,255,2026-09-05 15:07:42.327,124.947,5.20321,230.043,42.2167,72,5309,59,31038,31064,31926,32133,1,0,19140,40021,0
2026-09-05 14:48:46.277,FishingTogether,255,2026-09-05 15:08:05.210,312.141,18.1883,102.99,43.8543,87,5308,59,31035,31071,31926,32133,1,0,4415,14963,0
2026-09-05 14:48:46.277,FishingTogether,255,2026-09-05 15:23:51.697,128.408,10.1568,135.822,49.1342,72,5271,59,31038,31064,31926,32133,1,0,9417,19417,0
2026-09-05 14:48:46.277,FishingTogether,255,2026-09-05 15:24:16.120,159.514,23.2928,312.058,45.8813,87,5309,59,31035,31071,31926,32133,1,0,27992,54290,0
2026-09-05 14:48:46.277,FishingTogether,255,2026-09-05 15:26:23.577,108.077,33.1414,263.049,45.3242,72,5309,59,31038,31064,31926,32133,1,0,23139,45763,0
2026-09-05 14:48:46.277,FishingTogether,255,2026-09-05 15:28:51.867,43.7047,5.10961,73.6421,45.375,87,5308,59,31035,31071,31926,32133,1,0,2064,10699,0
2026-09-05 14:48:46.277,FishingTogether,255,2026-09-05 15:29:42.167,68.7381,32.8615,285.814,45.7728,87,5272,59,31035,31071,31926,32133,1,0,44294,48640,0
2026-09-05 14:48:46.277,FishingTogether,255,2026-09-05 15:31:38.153,142.005,5.06248,78.0725,45.0195,87,5308,59,31035,31071,31926,32133,1,0,2189,11344,0
2026-09-05 14:48:46.277,FishingTogether,255,2026-09-05 15:32:34.280,172.398,6.32853,187.645,50.3902,72,5271,59,31038,31064,31926,32133,1,0,14276,26824,0
2026-09-05 14:48:46.277,FishingTogether,255,2026-09-05 15:36:56.833,40.8559,5.10455,346.376,44.4307,87,5310,59,31035,31071,31926,32133,1,0,53369,64318,0
2026-09-05 14:48:46.277,FishingTogether,255,2026-09-05 15:37:55.033,448.352,5.3283,111.814,44.7653,87,5308,60,31035,31071,31926,32133,1,0,5163,16245,0
2026-09-05 14:48:46.277,FishingTogether,255,2026-09-05 15:40:56.613,313.742,5.25015,38.642,50.7158,72,5249,60,31038,31064,31926,32133,1,0,1875,9349,0
2026-09-05 14:48:46.277,FishingTogether,255,2026-09-05 15:45:34.967,251.959,4.98465,67.2387,45.1293,87,5270,60,31035,31071,31926,32133,1,0,1944,5879,0
2026-09-05 14:48:46.277,FishingTogether,255,2026-09-05 15:49:55.957,95.7525,5.17201,100.93,50.0535,87,5308,60,31035,31071,31926,32133,1,0,4190,14665,0
2026-09-05 15:59:07.290,Regular,124,2026-09-05 16:00:33.473,299.711,2.70271,2.31655,30.8888,8.61,2303,60,1669,1683,13950,14640,0,0,53,129,0
2026-09-05 15:59:07.290,Regular,124,2026-09-05 16:00:43.270,382.601,2.79754,0.542699,28.7738,8.61,2000,60,1669,1683,13950,14640,0,0,12,24,0
2026-09-05 15:59:07.290,Regular,124,2026-09-05 16:02:34.987,56.4172,2.65579,0.495499,29.2329,8.61,2000,60,1669,1683,13950,14640,0,0,11,22,0
2026-09-05 15:59:07.290,Regular,124,2026-09-05 16:03:39.897,230.572,2.62665,0.699668,28.5455,8.61,2603,60,1669,1683,13950,14640,0,0,12,56,0
2026-09-05 16:15:07.387,Regular,255,2026-09-05 16:52:03.010,119.863,5.14083,81.7546,28.6196,87,5308,60,31035,31071,31926,32133,1,1,1508,9898,0
2026-09-05 16:15:07.387,Regular,255,2026-09-05 16:53:25.047,104.368,5.12481,239.967,42.9672,72,5309,60,31038,31064,31926,32133,1,1,17000,34790,0
2026-09-05 16:15:07.387,Regular,255,2026-09-05 16:57:56.013,486.795,5.96889,54.3469,35.3894,87,5299,110,31035,31071,31926,32133,1,1,1436,6708,0
2026-09-05 16:15:07.387,Regular,255,2026-09-05 16:58:16.863,183.3,6.61108,118.845,18.6719,72,5308,110,31038,31064,31926,32133,1,1,4377,14390,0
2026-09-05 16:15:07.387,Regular,255,2026-09-05 16:58:40.637,95.2144,5.15657,448.832,35.3918,27,5310,110,4570,15200,13950,14640,1,1,54638,66081,0
2026-09-05 16:15:07.387,Regular,255,2026-09-05 17:00:28.710,252.426,5.03211,39.2193,38.0887,27,5249,110,4570,15200,13950,14640,1,1,2252,7522,0
2026-09-05 17:24:40.300,Regular,255,2026-09-05 17:27:56.130,104.565,5.09775,396.707,34.0175,27,5310,110,4570,15200,13950,14640,1,1,48293,58407,0
2026-09-05 17:24:40.300,Regular,255,2026-09-05 17:31:11.417,248.62,5.31273,86.8661,33.589,27,5308,110,4570,15200,13950,14640,1,1,3930,10006,0
2026-09-05 17:46:25.293,Regular,255,2026-09-05 17:52:48.353,141.705,18.2506,123.496,32.6412,105,5308,110,31373,31898,31926,32133,1,1,4098,14952,0
2026-09-05 17:56:33.960,FishingTogether,255,2026-09-05 18:03:14.177,227.768,38.683,287.343,19.9215,105,5281,110,31373,31898,31926,32133,1,1,23085,79583,0
2026-09-05 17:56:33.960,FishingTogether,255,2026-09-05 18:09:05.363,156.725,5.23447,321.317,307.106,105,5280,110,31373,31898,31926,32133,1,1,18647,59960,0
2026-09-05 17:56:33.960,FishingTogether,255,2026-09-05 18:10:25.677,197.248,75.1886,320.489,170.147,105,5280,110,31373,31898,31926,32133,1,1,18579,59805,0
2026-09-05 18:24:39.697,FishingTogether,255,2026-09-05 18:25:15.177,230.471,212.753,315.252,36.7065,73,5281,110,31874,31892,31926,32133,1,0,26130,83075,0
2026-09-05 18:22:58.350,Regular,255,2026-09-06 05:37:40.537,380.635,322.488,221.968,25.1323,73,5309,110,31874,31892,31926,32133,1,0,18404,30620,0
2026-09-05 18:22:58.350,Regular,255,2026-09-06 05:45:57.920,251.614,5.54685,295.458,49.1875,73,5310,110,31874,31892,31926,32133,1,0,34170,43500,0
2026-09-05 18:22:58.350,Regular,255,2026-09-06 05:50:19.440,303.238,2.82781,9.20124,55.8786,73,5267,110,31874,31892,31926,32133,1,0,477,2186,0
2026-09-05 18:22:58.350,Regular,255,2026-09-06 05:55:34.867,41.2264,5.92193,83.2503,49.4508,73,5308,110,31874,31892,31926,32133,1,0,2475,9591,0
2026-09-05 18:22:58.350,Regular,255,2026-09-06 05:58:32.860,528.297,6.78132,93.0534,44.1178,73,5308,110,31874,31892,31926,32133,1,0,3785,10719,0
2026-09-05 18:22:58.350,Regular,255,2026-09-06 06:07:32.597,193.717,6.42205,245.786,38.2836,73,5309,110,31874,31892,31926,32133,1,0,21605,33904,0
2026-09-05 18:22:58.350,Regular,255,2026-09-06 06:11:45.420,67.2033,3.79742,570.557,47.166,73,5311,110,31874,31892,31926,32133,1,0,157899,109203,0
2026-09-05 18:22:58.350,Regular,255,2026-09-06 06:13:31.267,548.701,5.73461,18.7039,54.5514,73,5268,110,31874,31892,31926,32133,1,0,1898,4862,0
2026-09-05 18:22:58.350,Regular,255,2026-09-06 06:22:48.467,347.199,5.68779,98.7304,56.9727,73,5308,110,31874,31892,31926,32133,1,0,4371,11374,0
2026-09-05 18:22:58.350,Regular,255,2026-09-06 06:31:09.527,143.402,5.60964,256.752,48.0297,73,5309,110,31874,31892,31926,32133,1,0,23055,35418,0
2026-09-06 06:48:12.867,Regular,250,2026-09-06 06:57:21.890,499.99,456.917,176.649,21.8698,40,4570,110,16370,16340,28400,28610,1,1,24762,44142,0
2026-09-06 06:48:12.867,Regular,250,2026-09-06 07:32:53.210,31.048,16.2662,154.198,27.5694,40,4570,110,16370,16340,28400,28610,1,1,21213,38532,0
2026-09-06 06:48:12.867,Regular,250,2026-09-06 07:33:34.383,24.5087,16.3439,138.745,40.2179,40,4560,110,16370,16340,28400,28610,1,1,10410,21513,0
2026-09-06 06:48:12.867,Regular,250,2026-09-06 07:35:04.533,28.2356,13.7748,72.5428,32.7015,40,4550,110,16370,16340,28400,28610,1,1,1809,6254,0
2026-09-06 06:48:12.867,Regular,250,2026-09-06 07:36:36.887,34.6929,6.67214,63.6138,18.4268,40,4550,110,16370,16340,28400,28610,1,1,1578,5484,0
2026-09-06 06:48:12.867,Regular,250,2026-09-06 07:39:15.160,32.0962,19.7837,190.387,35.2186,40,4580,110,16370,16340,28400,28610,1,1,38655,70080,0
2026-09-06 06:48:12.867,Regular,250,2026-09-06 07:40:53.883,42.0325,9.64086,131.307,11.3545,40,4570,110,16370,16340,28400,28610,1,1,15042,32811,0
2026-09-06 06:48:12.867,Regular,250,2026-09-06 07:47:02.573,34.767,6.67258,56.8495,20.3524,40,4550,110,16370,16340,28400,28610,1,1,1412,4900,0
2026-09-06 06:48:12.867,Regular,250,2026-09-06 07:48:34.830,21.0559,13.651,65.2415,42.0417,40,4550,110,16370,16340,28400,28610,1,1,1619,5624,0
2026-09-06 06:48:12.867,Regular,250,2026-09-06 07:53:15.693,38.2662,5.15667,58.0319,14.0169,40,4550,110,16370,16340,28400,28610,1,1,1440,5002,0
2026-09-06 06:48:12.867,Regular,250,2026-09-06 07:54:03.537,25.7368,11.9138,74.3703,35.0036,40,4550,110,16370,16340,28400,28610,1,1,1866,6411,0
2026-09-06 06:48:12.867,Regular,250,2026-09-06 07:54:38.713,29.4277,21.4074,110.524,40.2074,40,4560,110,16370,16340,28400,28610,1,1,7523,17138,0
2026-09-06 06:48:12.867,Regular,250,2026-09-06 07:56:50.953,39.2667,15.6563,143.23,23.5201,40,4560,110,16370,16340,28400,28610,1,1,10844,22209,0
2026-09-06 08:00:26.650,Regular,250,2026-09-06 08:01:24.030,46.1246,2.48479,0.782024,35.3177,26,4840,110,13410,15200,28400,28610,0,0,32,142,0
2026-09-06 08:00:26.650,Regular,250,2026-09-06 08:02:20.577,21.7856,2.69165,8.16024,31.8618,26,4870,110,13410,15200,28400,28610,0,0,210,942,0
2026-09-06 08:00:26.650,Regular,250,2026-09-06 08:06:16.280,36.9404,2.57813,6.0226,34.27,26,4740,110,13410,15200,28400,28610,0,0,87,621,0
2026-09-06 08:00:26.650,Regular,250,2026-09-06 08:07:04.237,45.8186,2.60976,0.587312,26.957,26,4830,110,13410,15200,28400,28610,0,0,12,58,0
2026-09-06 08:00:26.650,Regular,250,2026-09-06 08:10:34.020,33.8517,2.71849,0.708148,41.853,26,4840,110,13410,15200,28400,28610,0,0,30,129,0
2026-09-06 08:00:26.650,Regular,250,2026-09-06 08:11:18.640,42.2936,2.57878,7.66039,43.8735,26,4860,110,13410,15200,28400,28610,0,0,111,782,0
2026-09-06 08:00:26.650,Regular,250,2026-09-06 08:12:18.033,32.0461,2.49989,7.26143,31.2179,26,4860,110,13410,15200,28400,28610,0,0,105,741,0
2026-09-06 08:00:26.650,Regular,250,2026-09-06 08:13:00.377,129.175,2.85971,0.586055,30.8831,26,4830,110,13410,15200,28400,28610,0,0,12,58,0
2026-09-06 08:00:26.650,Regular,250,2026-09-06 08:15:21.083,74.4386,2.65666,5.28607,31.7075,26,4710,110,13410,15200,28400,28610,0,0,80,542,0
2026-09-06 08:00:26.650,Regular,250,2026-09-06 08:16:46.223,106.291,2.53112,0.586714,28.5529,26,4840,110,13410,15200,28400,28610,0,0,26,106,0
2026-09-06 08:00:26.650,Regular,250,2026-09-06 08:19:09.190,50.4494,3.00013,0.582099,46.8794,26,4830,110,13410,15200,28400,28610,0,0,12,58,0
2026-09-06 08:00:26.650,Regular,250,2026-09-06 08:20:09.407,106.488,2.74938,4.03042,43.5183,26,4860,110,13410,15200,28400,28610,0,0,59,411,0
2026-09-06 08:00:26.650,Regular,250,2026-09-06 08:22:06.067,41.0614,2.7186,0.586193,33.0601,26,4830,110,13410,15200,28400,28610,0,0,12,58,0
2026-09-06 08:00:26.650,Regular,250,2026-09-06 08:26:57.373,97.666,19.9996,5.74826,46.7742,26,4710,110,13410,15200,28400,28610,0,0,86,590,0
2026-09-06 08:00:26.650,Regular,250,2026-09-06 08:30:02.903,111.881,2.6561,4.94541,35.3195,26,4710,110,13410,15200,28400,28610,0,0,74,507,0
2026-09-06 08:00:26.650,Regular,250,2026-09-06 08:32:05.020,52.6945,2.66367,8.05834,48.6919,26,4720,110,13410,15200,28400,28610,0,0,221,884,0
2026-09-06 08:00:26.650,Regular,250,2026-09-06 08:33:11.287,117.703,2.75023,0.405065,35.3659,26,4830,110,13410,15200,28400,28610,0,0,9,40,0
2026-09-06 08:00:26.650,Regular,250,2026-09-06 08:35:56.723,38.392,2.71858,11.2966,43.5654,26,4890,110,13410,15200,28400,28610,0,0,231,1204,0
2026-09-06 08:00:26.650,Regular,250,2026-09-06 08:41:01.850,118.695,2.83657,0.472253,21.2613,26,4830,110,13410,15200,28400,28610,0,0,11,48,0
2026-09-06 08:00:26.650,Regular,250,2026-09-06 08:43:11.373,29.0794,2.7661,3.98343,37.8079,26,4740,110,13410,15200,28400,28610,0,0,59,411,0
2026-09-06 08:00:26.650,Regular,250,2026-09-06 08:43:50.937,76.6667,3.01602,6.23353,42.2075,26,4740,110,13410,15200,28400,28610,0,0,90,642,0
2026-09-06 08:00:26.650,Regular,250,2026-09-06 08:45:35.963,23.937,2.68738,4.70515,16.1824,26,4710,110,13410,15200,28400,28610,0,0,72,482,0
2026-09-06 08:00:26.650,Regular,250,2026-09-06 08:46:09.603,99.315,2.74984,0.662304,23.3192,26,4840,110,13410,15200,28400,28610,0,0,27,122,0
2026-09-06 08:00:26.650,Regular,250,2026-09-06 08:47:58.310,83.7628,2.71574,0.558698,29.3207,26,4830,110,13410,15200,28400,28610,0,0,11,56,0
2026-09-06 08:00:26.650,Regular,250,2026-09-06 08:49:31.900,70.5675,2.64501,6.84951,33.7407,26,4860,110,13410,15200,28400,28610,0,0,99,698,0
2026-09-06 08:00:26.650,Regular,250,2026-09-06 08:54:00.153,22.6254,13.6566,68.9839,38.0549,40,4550,110,16370,16340,28400,28610,1,1,1712,5946,0
2026-09-06 08:00:26.650,Regular,250,2026-09-06 08:55:24.027,30.5708,16.1488,129.523,31.2323,40,4560,110,16370,16340,28400,28610,1,1,9498,20084,0
2026-09-06 08:00:26.650,Regular,250,2026-09-06 09:00:05.417,48.0358,12.8935,150.129,9.42879,40,4570,110,16370,16340,28400,28610,1,1,16074,37515,0
2026-09-06 08:00:26.650,Regular,250,2026-09-06 09:01:15.280,33.724,19.8953,74.9078,31.4404,40,4550,110,16370,16340,28400,28610,1,1,1884,6458,0
2026-09-06 08:00:26.650,Regular,250,2026-09-06 09:05:56.470,34.2036,15.3594,87.5329,27.2556,40,4560,110,16370,16340,28400,28610,1,1,5100,13572,0
2026-09-06 08:00:26.650,Regular,250,2026-09-06 09:09:04.493,42.0494,28.7527,71.105,31.0511,40,4550,110,16370,16340,28400,28610,1,1,1767,6129,0
2026-09-06 08:00:26.650,Regular,250,2026-09-06 09:18:35.717,32.2909,13.3601,72.4691,23.7788,40,4550,110,16370,16340,28400,28610,1,1,1806,6248,0
2026-09-06 08:00:26.650,Regular,250,2026-09-06 09:20:52.457,33.6883,14.1411,166.628,25.8132,40,4580,110,16370,16340,28400,28610,1,1,33450,61335,0
2026-09-06 08:00:26.650,Regular,250,2026-09-06 09:22:27.530,32.9763,10.0316,85.4291,21.638,40,4550,110,16370,16340,28400,28610,1,1,2307,7365,0
2026-09-06 08:00:26.650,Regular,250,2026-09-06 09:27:31.927,33.1024,13.1561,75.9274,25.1628,40,4550,110,16370,16340,28400,28610,1,1,1919,6544,0
2026-09-06 08:00:26.650,Regular,250,2026-09-06 09:30:37.623,34.422,12.86,126.387,24.2061,40,4570,110,16370,16340,28400,28610,1,1,16401,31582,0
2026-09-06 08:00:26.650,Regular,250,2026-09-06 09:31:59.157,33.1418,10.6099,87.0164,19.3455,40,4560,110,16370,16340,28400,28610,1,1,5051,13492,0
2026-09-06 09:35:50.377,Regular,102,2026-09-06 09:36:49.240,187.877,2.82912,1.43325,13.9242,8.61,85,110,1669,1683,13950,14640,0,0,11,76,0
2026-09-06 09:35:50.377,Regular,102,2026-09-06 09:37:09.930,86.8305,2.77036,1.09372,20.283,8.61,201,110,1669,1683,13950,14640,0,0,17,63,0
2026-09-06 09:35:50.377,Regular,102,2026-09-06 09:37:22.757,113.815,1.76589,1.36566,14.2857,8.61,85,110,1669,1683,13950,14640,0,0,11,72,0
2026-09-06 09:35:50.377,Regular,102,2026-09-06 09:37:57.477,105.486,2.93796,1.48966,14.3382,8.61,85,110,1669,1683,13950,14640,0,0,11,80,0
2026-09-06 09:35:50.377,Regular,102,2026-09-06 09:38:46.177,113.907,2.76254,0.538453,15.3135,8.61,71,110,1669,1683,13950,14640,0,0,18,40,0
2026-09-06 09:35:50.377,Regular,102,2026-09-06 09:39:50.447,78.3494,2.46143,0.546512,12.4121,8.61,71,110,1669,1683,13950,14640,0,0,18,40,0
2026-09-06 09:35:50.377,Regular,102,2026-09-06 09:40:04.570,131.093,2.68738,0.563299,13.6889,8.61,53,110,1669,1683,13950,14640,0,0,11,30,0
2026-09-06 09:35:50.377,Regular,102,2026-09-06 09:40:47.957,215.806,2.5778,0.590137,15.2679,8.61,71,110,1669,1683,13950,14640,0,0,21,44,0
2026-09-06 09:35:50.377,Regular,102,2026-09-06 09:41:16.630,100.027,2.67261,0.358158,13.5869,8.61,35,110,1669,1683,13950,14640,0,0,8,38,0
2026-09-06 09:35:50.377,Regular,102,2026-09-06 09:42:23.860,94.7303,2.43605,0.578301,12.7474,8.61,71,110,1669,1683,13950,14640,0,0,21,44,0
2026-09-06 09:35:50.377,Regular,102,2026-09-06 09:43:05.080,22.0576,2.39014,1.42935,12.695,8.61,85,110,1669,1683,13950,14640,0,0,11,75,0
2026-09-06 09:35:50.377,Regular,102,2026-09-06 09:43:35.560,443.009,2.75094,1.34344,16.9947,8.61,201,110,1669,1683,13950,14640,0,0,18,78,0
2026-09-06 09:35:50.377,Regular,102,2026-09-06 09:44:06.557,152.976,2.65566,0.366668,13.7222,8.61,35,110,1669,1683,13950,14640,0,0,8,39,0
2026-09-06 09:35:50.377,Regular,102,2026-09-06 09:44:31.740,36.227,2.71898,1.37087,13.403,8.61,85,110,1669,1683,13950,14640,0,0,11,72,0
2026-09-06 09:35:50.377,Regular,102,2026-09-06 09:46:46.533,97.6875,2.98479,0.997168,23.3464,8.61,201,110,1669,1683,13950,14640,0,0,15,58,0
2026-09-06 09:35:50.377,Regular,102,2026-09-06 09:47:21.123,80.5383,3.00042,1.06873,18.17,8.61,201,110,1669,1683,13950,14640,0,0,17,62,0
2026-09-06 09:35:50.377,Regular,102,2026-09-06 09:48:31.970,31.8361,2.69273,1.31624,12.6793,8.61,85,110,1669,1683,13950,14640,0,0,11,69,0
2026-09-06 09:35:50.377,Regular,102,2026-09-06 09:48:49.380,52.527,1.26714,0.343466,9.14085,8.61,35,110,1669,1683,13950,14640,0,0,8,36,0
2026-09-06 09:35:50.377,Regular,102,2026-09-06 09:49:12.003,44.1525,2.93879,0.215612,15.27,8.61,71,110,1669,1683,13950,14640,0,0,11,16,0
2026-09-06 09:35:50.377,Regular,102,2026-09-06 09:49:49.733,330.357,2.78021,1.53465,13.9832,8.61,85,110,1669,1683,13950,14640,0,0,12,81,0
2026-09-06 09:35:50.377,Regular,102,2026-09-06 09:50:32.740,81.3689,3.00067,0.41574,13.7238,8.61,34,110,1669,1683,13950,14640,0,0,8,44,0
2026-09-06 09:35:50.377,Regular,102,2026-09-06 09:51:06.427,26.4624,2.42216,1.07078,12.9888,8.61,85,110,1669,1683,13950,14640,0,0,11,57,0
2026-09-06 09:35:50.377,Regular,102,2026-09-06 09:52:01.513,227.836,1.9362,0.585572,13.6005,8.61,53,110,1669,1683,13950,14640,0,0,11,32,0
2026-09-06 09:35:50.377,Regular,102,2026-09-06 09:52:18.013,159.999,2.76552,0.343682,14.5055,8.61,35,110,1669,1683,13950,14640,0,0,8,36,0
2026-09-06 10:00:03.820,Regular,124,2026-09-06 10:03:39.713,96.2716,5.06238,15.78,13.1488,25.4,2201,110,6680,15200,28400,7600,0,0,179,1020,0
2026-09-06 10:00:03.820,Regular,124,2026-09-06 10:03:52.353,224.358,17.2186,32.4243,15.377,25.4,2202,110,6680,15200,28400,7600,0,0,1241,3360,0
2026-09-06 10:00:03.820,Regular,124,2026-09-06 10:05:30.077,102.773,8.92065,31.4327,13.9047,25.4,2205,110,6680,15200,28400,7600,0,0,1482,2792,0
2026-09-06 11:14:31.517,Regular,180,2026-09-06 11:19:04.823,343.875,20.581,9.35889,48.3557,27,2101,110,4570,15200,28400,28610,0,0,101,936,0
2026-09-06 11:14:31.517,Regular,180,2026-09-06 11:19:26.153,219.398,50.1635,47.5746,44.8704,27,2903,110,4570,15200,28400,28610,0,0,1637,3015,0
2026-09-06 11:35:09.127,Regular,255,2026-09-06 11:36:18.907,66.1252,5.14059,258.259,25.0287,92,5309,110,31013,31381,31926,32133,1,1,16884,37443,0
2026-09-06 11:45:44.450,FishingTogether,255,2026-09-06 11:46:07.030,203.353,27.208,112.645,28.5508,73,5271,110,31874,31892,31926,32133,1,0,9638,15322,0
2026-09-06 11:45:44.450,FishingTogether,255,2026-09-06 11:46:28.330,81.6819,17.5542,70.8143,38.0715,92,5270,110,31013,31381,31926,32133,1,0,2048,6190,0
2026-09-06 11:45:44.450,FishingTogether,255,2026-09-06 11:48:05.857,106.378,17.274,75.0258,30.7567,92,5270,110,31013,31381,31926,32133,1,0,2168,6559,0
2026-09-06 11:45:44.450,FishingTogether,255,2026-09-06 11:50:04.010,339.419,30.5932,125.916,34.3592,92,5271,110,31013,31381,31926,32133,1,0,8729,18000,0
2026-09-06 11:45:44.450,FishingTogether,255,2026-09-06 11:50:22.873,157.153,20.808,75.9884,16.3376,73,5270,110,31874,31892,31926,32133,1,0,2739,6322,0
2026-09-06 11:45:44.450,FishingTogether,255,2026-09-06 11:53:05.857,108.677,19.9768,75.4432,26.9506,73,5270,110,31874,31892,31926,32133,1,0,2705,6275,0
2026-09-06 11:45:44.450,FishingTogether,255,2026-09-06 11:56:44.347,29.6412,5.0939,56.0181,22.2199,73,5299,110,31874,31892,31926,32133,1,0,2250,8296,0
2026-09-06 11:45:44.450,FishingTogether,255,2026-09-06 11:57:21.927,82.1013,13.1298,77.4363,31.0711,73,5271,110,31874,31892,31926,32133,1,0,4131,10534,0
2026-09-06 11:45:44.450,FishingTogether,255,2026-09-06 11:57:41.350,42.4542,5.07842,364.313,24.842,92,5272,110,31013,31381,31926,32133,1,0,59015,61999,0
2026-09-06 11:45:44.450,FishingTogether,255,2026-09-06 11:59:19.090,113.828,7.80329,58.7332,25.953,73,5270,110,31874,31892,31926,32133,1,0,2097,4885,0
2026-09-06 11:45:44.450,FishingTogether,255,2026-09-06 11:59:35.983,214.884,8.39078,67.2735,30.2635,92,5270,110,31013,31381,31926,32133,1,0,1946,5882,0
2026-09-06 11:45:44.450,FishingTogether,255,2026-09-06 12:01:21.680,243.326,7.39109,72.654,28.0498,73,5270,110,31874,31892,31926,32133,1,0,2592,6044,0
2026-09-06 11:45:44.450,FishingTogether,255,2026-09-06 12:03:18.053,138.779,6.48469,78.7026,31.4584,92,5270,110,31013,31381,31926,32133,1,0,2276,6881,0
2026-09-06 11:45:44.450,FishingTogether,255,2026-09-06 12:05:52.583,137.787,12.5794,212.999,18.756,92,5272,110,31013,31381,31926,32133,1,0,27000,36248,0
2026-09-06 11:45:44.450,FishingTogether,255,2026-09-06 12:06:04.583,255.586,6.07267,144.664,25.986,73,5271,110,31874,31892,31926,32133,1,0,12377,19676,0
2026-09-06 11:45:44.450,FishingTogether,255,2026-09-06 12:08:17.153,50.5991,7.94824,160.661,19.4177,92,5271,110,31013,31381,31926,32133,1,0,11139,22966,0
2026-09-06 11:45:44.450,FishingTogether,255,2026-09-06 12:10:29.733,132.904,5.52916,189.674,26.4467,73,5271,110,31874,31892,31926,32133,1,0,17781,25799,0
2026-09-06 11:45:44.450,FishingTogether,255,2026-09-06 12:21:32.780,114.378,7.20363,372.456,272.694,73,5281,110,31874,31892,31926,32133,1,0,31572,98150,0
2026-09-06 11:45:44.450,FishingTogether,255,2026-09-06 12:23:40.013,104.804,12.2197,301.671,262.054,73,5280,110,31874,31892,31926,32133,1,0,23220,53561,0
2026-09-06 11:45:44.450,FishingTogether,255,2026-09-06 12:25:35.660,248.649,3.59828,536.56,275.401,73,5282,110,31874,31892,31926,32133,1,0,77610,165613,0
2026-09-06 13:33:25.323,Regular,250,2026-09-06 13:35:29.143,222.187,29.22,23.208,11.4011,27,4650,110,4570,15200,13950,28610,0,1,726,2614,0
2026-09-06 13:33:25.323,Regular,250,2026-09-06 13:36:00.470,138.453,6.62553,25.2759,12.3997,27,4650,110,4570,15200,28400,28610,0,1,791,2847,0
2026-09-06 13:33:25.323,Regular,250,2026-09-06 13:36:11.643,237.703,5.40715,19.8219,10.8083,27,4650,110,4570,15200,28400,28610,0,1,620,2232,0
2026-09-06 13:33:25.323,Regular,250,2026-09-06 13:38:27.097,67.0021,5.20334,28.1247,16.7999,27,4660,110,4570,15200,28400,28610,0,1,2550,5274,0
2026-09-06 13:33:25.323,Regular,250,2026-09-06 13:39:24.270,82.0982,12.7853,45.2262,18.1368,27,4620,110,4570,15200,13950,28610,0,1,2133,5799,0
2026-09-06 13:33:25.323,Regular,250,2026-09-06 13:39:41.893,145.745,5.21899,44.3149,15.5527,27,4620,110,4570,15200,28400,28610,0,1,2091,5682,0
2026-09-06 13:33:25.323,Regular,250,2026-09-06 13:40:18.753,150.534,11.6331,47.133,25.2133,27,4620,110,4570,15200,28400,28610,0,1,2223,6044,0
2026-09-06 13:33:25.323,Regular,250,2026-09-06 13:42:57.903,369.388,5.04773,47.1793,13.322,27,4630,110,4570,15200,28400,28610,0,1,6254,9974,0
2026-09-06 13:33:25.323,Regular,250,2026-09-06 13:45:17.933,173.305,16.047,49.822,14.4148,27,4620,110,4570,15200,13950,28610,0,1,2354,6388,0
2026-09-06 14:49:45.833,Regular,255,2026-09-06 14:55:31.467,41.4596,24.6439,142.73,28.5079,92,5271,110,31013,31381,31926,32133,1,0,7853,17002,0
2026-09-06 14:49:45.833,Regular,255,2026-09-06 14:57:21.317,46.991,5.20328,188.504,20.2536,92,5271,110,31013,31381,31926,32133,1,0,10430,22456,0
2026-09-06 14:49:45.833,Regular,255,2026-09-06 15:00:38.473,39.5765,5.047,85.8671,23.1307,92,5270,110,31013,31381,31926,32133,1,0,1632,6256,0
2026-09-06 14:49:45.833,Regular,255,2026-09-06 15:01:36.740,56.4748,2.6343,6.45716,30.6462,92,5259,110,31013,31381,31926,32133,1,0,731,1940,0
2026-09-06 14:49:45.833,Regular,255,2026-09-06 15:02:47.760,287.495,10.8125,69.1554,33.6505,92,5270,110,31013,31381,31926,32133,1,0,1316,5038,0
2026-09-06 14:49:45.833,Regular,255,2026-09-06 15:07:17.547,143.808,3.03108,11.7361,16.703,73,5284,110,31874,31892,31926,32133,1,0,578,1488,0
2026-09-06 14:49:45.833,Regular,255,2026-09-06 15:11:46.943,40.4926,5.03167,62.9891,27.7382,73,5270,110,31874,31892,31926,32133,1,0,1478,4366,0
2026-09-06 14:49:45.833,Regular,255,2026-09-06 15:12:08.043,107.477,28.4919,192.868,32.2544,92,5271,110,31013,31381,31926,32133,1,0,10742,22976,0
2026-09-06 14:49:45.833,Regular,255,2026-09-06 15:12:36.170,37.6641,5.01205,66.1648,32.3781,73,5270,110,31874,31892,31926,32133,1,0,1553,4587,0
2026-09-06 15:56:52.057,Regular,255,2026-09-06 16:01:36.910,41.2865,5.07878,184.613,19.6235,73,5271,110,31874,31892,31926,32133,1,0,13785,20925,0
2026-09-06 15:56:52.057,Regular,255,2026-09-06 16:01:52.520,202.071,5.81175,170.352,28.0644,92,5271,110,31013,31381,31926,32133,1,0,9372,20294,0
2026-09-06 15:56:52.057,Regular,255,2026-09-06 16:02:29.480,137.051,4.98086,185.642,27.6855,73,5271,110,31874,31892,31926,32133,1,0,13916,21042,0
2026-09-06 15:56:52.057,Regular,255,2026-09-06 16:04:54.500,116.155,5.16434,63.1409,22.4061,73,5270,110,31874,31892,31926,32133,1,0,1482,4377,0
2026-09-06 15:56:52.057,Regular,255,2026-09-06 16:05:21.733,54.4677,5.12492,42.3114,28.1225,92,5270,110,31013,31381,31926,32133,1,0,806,3082,0
2026-09-06 15:56:52.057,Regular,255,2026-09-06 16:06:37.107,37.7024,11.7177,298.645,25.0319,92,5272,110,31013,31381,31926,32133,1,0,37868,42354,0
2026-09-06 15:56:52.057,Regular,255,2026-09-06 16:07:38.840,98.6936,0,111.172,5.75942,92,5251,110,31013,31381,31926,32133,1,0,26742,27387,0
2026-09-06 15:56:52.057,Regular,255,2026-09-06 16:11:05.933,197.963,5.12515,65.409,23.2237,73,5270,110,31874,31892,31926,32133,1,0,1535,4534,0
2026-09-06 15:56:52.057,Regular,255,2026-09-06 16:11:53.417,202.772,4.98463,374.414,22.495,92,5273,110,31013,31381,31926,32133,1,0,102056,59331,0
2026-09-06 15:56:52.057,Regular,255,2026-09-06 16:15:47.097,107.177,5.0781,175.569,17.6574,92,5271,110,31013,31381,31926,32133,1,0,9660,20914,0
2026-09-06 15:56:52.057,Regular,255,2026-09-06 16:20:44.080,53.9169,5.07826,58.2639,20.7752,92,5270,110,31013,31381,31926,32133,1,0,1109,4245,0
2026-09-06 15:56:52.057,Regular,255,2026-09-06 16:21:16.573,173.905,10.565,53.7806,29.4949,92,5270,110,31013,31381,31926,32133,1,0,1023,3918,0
2026-09-06 15:56:52.057,Regular,255,2026-09-06 16:26:18.787,161.509,5.0309,41.8497,22.8108,92,5297,110,31013,31381,31926,32133,1,0,2619,8592,0
