t0	t1	slot	cyc	sec	end	species	fishId	kg	len	stamina	exp	expOf	dist	rodLen	fric	reelDur	boatSpeed	nan	tireWarn	putOnStand	moves	fastReeling	finishMove
2026-08-25T14:39:15.448Z	2026-08-25T14:39:17.723Z	5	6	2.3	caught	EurPerch	2000	0.522	0.306	0.9892375	22	42	13.1	2.5	5	54994	0.002	0	0	0	2807	8	1
2026-08-25T14:53:50.463Z	2026-08-25T14:54:08.943Z	4	5	18.5	caught	NrPike	109	5.731	1.126	0.9213707	139	196	39.7	3.1	11	47132	0.001	0	0	0	250	2	1
2026-08-25T14:55:02.664Z	2026-08-25T14:55:19.386Z	3	3	16.7	caught	NrPike	109	5.640	1.115	0.9245242	136	193	42.0	3.1	11	48344	0.001	0	0	0	213		1
2026-08-29T17:36:21.694Z	2026-08-29T17:37:07.820Z	1	3	46.1	caught	MonWelsCatfish	3115	74.842	2.201	0.9645175	3638	2386	20.2	3.1	10	46620	0.004	0	0	0	318	25	1
2026-08-30T18:26:51.101Z	2026-08-30T18:40:44.889Z	4	1	833.8	caught	EuropeanSeaSturgeon	5309	147.635	2.979	0.5834452	24585	11126	38.4	1.7	7	69990	0.037	0	19	0	1263		1
2026-08-30T18:48:09.168Z	2026-08-30T18:48:43.298Z	4	2	34.1	caught	EuropeanSeaSturgeonY	5308	45.970	1.999	0.9585242	4233	2822	27.3	1.7	7	66989	0.011	0	0	0	1301		1
2026-08-30T19:03:39.636Z	2026-08-30T19:03:56.293Z	4	3	16.7	caught	AtlanticHalibutY	5270	25.226	1.281	0.973562	1650	1853	33.3	1.7	7	66891	0.034	0	0	0	560		1
2026-08-30T19:08:22.774Z	2026-08-30T19:08:47.353Z	4	4	24.6	caught	AtlanticHalibutY	5270	29.727	1.393	0.9548147	3056	2184	32.3	1.7	7	66845	0.025	0	1	0	1166		1
2026-08-30T19:11:26.219Z	2026-08-30T19:12:53.995Z	4	5	87.8	caught	AtlanticHalibut	5271	61.731	1.654	0.9132715	8882	5661	34.5	1.7	7	66770	0.035	0	3	0	2692	14	1
2026-08-30T19:27:08.418Z	2026-08-30T19:27:33.939Z	4	7	25.5	caught	AtlanticHalibutY	5270	28.448	1.361	0.9554296	2688	2090	34.5	1.7	7	66503	0.011	0	1	0	1031		1
2026-08-30T19:30:05.731Z	2026-08-30T19:30:24.447Z	4	8	18.7	caught	Meagre	5299	19.259	1.256	0.9263104	1526	2033	33.5	1.7	7	66430	0.015	0	0	0	16	7	1
2026-08-30T19:46:50.568Z	2026-08-30T20:06:00.372Z	4	11	1149.8	caught	GreenlandShark	5281	292.531	3.375	0.2574464	30702	13655	305.1	1.7	7	66366	0.030	0	27	0	689	2	1
2026-08-31T12:08:02.186Z	2026-08-31T12:08:43.531Z	2	1	41.3	caught	AtlanticHalibut	5271	43.096	1.505	0.9358957	7115	3952	31.8	1.7	7	69990	0.244	0	0	0	110		1
2026-08-31T12:11:30.103Z	2026-08-31T12:11:45.666Z	2	2	15.6	caught	AtlanticHalibutY	5270	22.470	1.212	0.9672332	1736	1651	33.6	1.7	7	69866	0.116	0	0	0	444	1	1
2026-08-31T12:14:20.405Z	2026-08-31T12:20:27.884Z	1	3	367.5	caught	AtlanticHalibutT	5272	162.211	2.293	0.8060791	53592	21745	38.4	1.6	11	69970	0.246	0	2	0	135	28	1
2026-08-31T12:13:44.619Z	2026-08-31T12:21:59.789Z	2	3	495.2	cycle_finished								33.9	1.7	7	69831	0.028	0	0	1	65	19	1
2026-08-31T12:40:13.311Z	2026-08-31T12:40:39.968Z	2	2	26.7	caught	AtlanticHalibutY	5270	29.774	1.394	0.9476752	3665	2187	34.1	1.7	7	69649	0.041	0	0	0	290		1
2026-08-31T12:41:00.751Z	2026-08-31T12:41:56.548Z	1	6	55.8	caught	AtlanticHalibut	5271	61.825	1.655	0.9298993	10205	5669	34.3	1.6	11	68855	0.023	0	0	0	1136	17	1
2026-08-31T12:44:06.742Z	2026-08-31T12:45:04.080Z	2	3	57.3	caught	AtlanticHalibut	5271	55.709	1.606	0.9291015	9210	5109	34.7	1.7	7	69572	0.021	0	0	0	792		1
2026-08-31T12:46:05.068Z	2026-08-31T12:46:31.100Z	2	4	26.0	caught	AtlanticHalibutY	5270	27.824	1.346	0.9434507	3017	2044	30.6	1.7	7	69395	0.013	0	0	0	1049	17	1
2026-08-31T12:52:36.306Z	2026-08-31T12:52:54.817Z	2	6	18.5	caught	AtlanticHalibutY	5270	22.516	1.213	0.9539678	1739	1654	28.8	1.7	7	69304	0.007	0	0	0	1054	12	1
2026-08-31T12:55:26.116Z	2026-08-31T12:55:41.601Z	1	10	15.5	caught	AtlanticHalibut	5271	33.619	1.429	0.9680914	3293	3083	29.2	1.6	11	68658	0.009	0	0	0	1207		1
2026-08-31T12:58:34.933Z	2026-08-31T12:58:55.793Z	2	8	20.9	caught	AtlanticHalibutY	5270	25.976	1.299	0.9470645	2370	1908	31.3	1.7	7	69236	0.015	0	0	0	393		1
2026-08-31T12:59:31.938Z	2026-08-31T13:00:53.594Z	1	11	81.7	caught	AtlanticHalibut	5271	66.466	1.692	0.9055389	10979	6095	32.9	1.6	11	68620	0.019	0	1	0	774		1
2026-08-31T13:03:56.268Z	2026-08-31T13:04:11.749Z	1	12	15.5	caught	Meagre	5299	16.889	1.180	0.9251217	1874	1783	31.8	1.6	11	68380	0.015	0	0	0	721		1
2026-08-31T13:04:36.943Z	2026-08-31T13:05:07.291Z	2	9	30.3	caught	AtlanticHalibutY	5270	26.932	1.323	0.9280102	2697	1978	32.3	1.7	7	69176	0.016	0	0	0	161	33	1
2026-08-31T13:05:12.916Z	2026-08-31T13:05:41.543Z	1	13	28.6	caught	AtlanticHalibutY	5270	29.990	1.400	0.9246092	2487	2203	33.7	1.6	11	68347	0.021	0	1	0	152	8	1
2026-08-31T13:06:31.799Z	2026-08-31T13:06:46.549Z	1	14	14.8	caught	AtlanticHalibutY	5270	18.651	1.116	0.9563743	1440	1370	28.5	1.6	11	68262	0.021	0	0	0			1
2026-08-31T13:32:44.700Z	2026-08-31T13:32:57.525Z	2	13	12.8	caught	EuropeanSeaSturgeonY	5308	23.462	1.437	0.9752893	1515	1441	32.8	1.7	7	69060	0.019	0	0	0			1
2026-08-31T14:42:02.791Z	2026-08-31T14:43:56.262Z	1	1	113.5	caught	AtlanticHalibut	5271	72.548	1.740	0.8824996	12245	6652	35.7	1.6	11	68202	0.179	0	0	1	1388	42	1
2026-08-31T14:43:40.370Z	2026-08-31T14:44:31.627Z	2	1	51.3	caught	AtlanticHalibutY	5270	27.274	1.332	0.9338474	2819	2003	36.9	1.7	7	69025	0.309	0	1	1	1422		1
2026-08-31T15:42:40.746Z	2026-08-31T15:43:08.592Z	2	6	27.8	caught	EuropeanSeaSturgeonY	5308	35.146	1.729	0.9461876	4541	2158	28.8	1.7	7	68192	0.016	0	0	0	355	37	1
2026-08-31T15:45:03.727Z	2026-08-31T15:45:37.399Z	1	6	33.7	caught	EuropeanSeaSturgeonY	5308	42.046	1.901	0.9356095	5403	2581	34.4	1.6	11	65823	0.015	0	0	0	200		1
2026-08-31T15:46:39.204Z	2026-08-31T17:02:01.454Z	1	7	4522.3	cycle_finished								24.6	1.6	11	65735	0.020	0	0	0	1096	322	1
2026-08-31T17:33:25.076Z	2026-08-31T17:33:38.530Z	1	3	13.5	caught	AtlanticHalibutY	5270	24.765	1.269	0.9821799	2540	1819	36.4	1.6	11	64955	0.021	0	0	0	155		1
2026-08-31T17:34:36.570Z	2026-08-31T17:35:03.553Z	2	3	27.0	caught	AtlanticHalibut	5271	63.862	1.671	0.9770861	13086	5856	33.7	1.7	7	68082	0.266	0	0	0	85		1
2026-08-31T17:35:11.991Z	2026-08-31T17:45:05.097Z	1	4	593.1	caught	AtlanticHalibutT	5272	173.869	2.363	0.740787	66248	23308	35.9	1.6	11	64926	0.239	0	4	0	368		1
2026-08-31T17:45:55.312Z	2026-08-31T17:46:15.501Z	1	5	20.2	caught	AtlanticHalibutY	5270	24.202	1.255	0.9532335	2484	1778	38.4	1.6	11	63187	0.099	0	0	0	61		1
2026-08-31T17:47:30.785Z	2026-08-31T17:47:47.413Z	2	4	16.6	caught	AtlanticHalibut	5271	45.967	1.528	0.9816082	9042	4215	31.9	1.7	7	67998	0.125	0	0	0	164	30	1
2026-08-31T17:48:42.293Z	2026-08-31T17:50:22.236Z	1	6	99.9	caught	AtlanticHalibut	5271	74.026	1.752	0.9157137	14943	6788	37.4	1.6	11	63147	0.004	0	1	1	545		1
2026-08-31T17:52:21.730Z	2026-08-31T17:52:39.950Z	1	7	18.2	caught	AtlanticHalibutY	5270	19.300	1.133	0.9382115	1982	1418	33.8	1.6	11	62862	0.087	0	0	0	418		1
2026-08-31T17:54:05.826Z	2026-08-31T17:54:25.092Z	1	8	19.3	caught	AtlanticHalibutY	5270	24.084	1.252	0.9413523	2471	1769	33.4	1.6	11	62821	0.262	0	0	0	215		1
2026-08-31T17:54:56.810Z	2026-08-31T17:55:06.764Z	2	7	10.0	caught	AtlanticWolffish	5296	4.954	0.766	0.969954	1011	723	24.0	1.7	7	67764	0.113	0	0	0	114	17	1
2026-08-31T17:56:38.414Z	2026-08-31T17:56:58.063Z	2	9	19.6	caught	AtlanticWolffishU	5298	19.266	1.378	0.9451314	15725	11270	29.6	1.7	7	67734	0.116	0	0	0	208		1
2026-08-31T17:57:49.612Z	2026-08-31T17:58:03.456Z	2	10	13.8	caught	AtlanticHalibutY	5270	27.101	1.328	0.9814624	3447	1991	18.7	1.7	7	67687	0.081	0	0	0	23	14	1
2026-08-31T17:58:17.363Z	2026-08-31T17:58:38.270Z	1	9	20.9	cycle_finished								36.0	1.6	11	62776	0.149	0	0	1	103	23	1
2026-08-31T18:29:47.276Z	2026-08-31T18:31:54.977Z	2	2	127.7	caught	EuropeanSeaSturgeon	5309	92.041	2.478	0.9018715	17355	6936	46.9	1.7	7	67612	0.011	0	0	0	851		1
2026-08-31T18:34:23.775Z	2026-08-31T18:34:42.591Z	2	3	18.8	caught	AtlanticCod	5249	13.287	1.173	0.8957638	2321	1610	44.7	1.7	7	67243	0.019	0	0	0	652	48	1
2026-08-31T18:52:01.398Z	2026-08-31T18:52:17.782Z	1	5	16.4	caught	AtlanticHalibutY	5270	24.286	1.257	0.9609367	2573	1784	23.8	1.6	11	62706	0.051	0	0	0	108		1
2026-08-31T18:52:22.673Z	2026-08-31T18:53:40.051Z	2	5	77.4	caught	AtlanticHalibut	5271	58.694	1.630	0.9122263	11912	5382	23.8	1.7	7	66618	0.051	0	0	0	251		1
2026-08-31T18:55:25.297Z	2026-08-31T18:55:39.248Z	1	6	14.0	caught	Meagre	5299	14.698	1.110	0.9329005	2240	1552	23.6	1.6	11	62662	0.091	0	0	0	348		1
2026-08-31T18:57:36.118Z	2026-08-31T18:57:54.147Z	1	7	18.0	caught	AtlanticHalibutY	5270	28.561	1.364	0.9592528	3033	2098	31.4	1.6	11	62629	0.071	0	0	0	393		1
2026-08-31T19:00:23.835Z	2026-08-31T19:09:41.729Z	1	8	557.9	caught	AtlanticHalibutT	5272	151.859	2.231	0.6852661	57300	20358	27.7	1.6	11	62588	0.114	0	3	0	60	6	1
2026-09-03T18:26:34.957Z	2026-09-03T18:26:41.741Z	2	1	6.8	caught	EuropeanSeaSturgeonY	5308	44.647	1.966	0.9957252	4112	2741	33.2	1.7	7	65613	0.038	0	0	0	1271	2	1
2026-09-03T18:29:20.646Z	2026-09-03T18:29:27.224Z	1	3	6.6	caught	EuropeanSeaSturgeonY	5308	41.821	1.896	0.9913795	3570	2567	42.3	1.6	11	60910	0.039	0	0	0	2864		1
2026-09-03T18:30:08.664Z	2026-09-03T18:30:15.590Z	1	4	6.9	caught	EuropeanSeaSturgeonT	5310	159.884	3.279	0.9977169	39518	18740	36.4	1.6	11	60882	0.009	0	0	0	97		1
2026-09-03T18:31:28.867Z	2026-09-03T18:31:35.873Z	1	5	7.0	caught	EuropeanSeaSturgeon	5309	144.115	2.947	0.9967425	22659	10861	30.2	1.6	11	60857	0.036	0	0	0	1041	37	1
2026-09-03T18:32:52.771Z	2026-09-03T18:32:57.971Z	2	4	5.2	caught	EuropeanSeaSturgeonY	5308	38.526	1.813	0.9931193	3414	2365	41.1	1.7	7	65567	0.044	0	0	0	158		1
2026-09-03T18:39:21.718Z	2026-09-03T18:39:26.999Z	2	1	5.3	caught	EuropeanSeaSturgeonY	5308	34.324	1.708	0.9926118	2382	2107	22.3	1.7	7	65516	0.017	0	0	0	326		1
2026-09-03T18:46:56.467Z	2026-09-03T18:47:03.857Z	2	2	7.4	caught	EuropeanSeaSturgeonU	5311	273.98	4.055	0.9996409	113738	50599	29.2	1.7	7	65494	0.012	0	0	0	525	3	1
2026-09-03T18:53:27.482Z	2026-09-03T18:53:37.369Z	1	4	9.9	caught	AtlanticHalibutY	5270	28.585	1.365	0.9996462	1587	2100	23.5	1.6	11	59526	0.015	0	0	0	181		1
2026-09-03T18:54:03.521Z	2026-09-03T18:54:10.333Z	2	4	6.8	caught	MeagreT	5300	50.133	1.872	0.9959659	12573	8382	29.5	1.7	7	65310	0.003	0	0	0	339	34	1
2026-09-03T18:55:02.658Z	2026-09-03T18:55:09.519Z	1	5	6.9	caught	AtlanticHalibutT	5272	134.249	2.125	1	36444	17997	33.4	1.6	11	59492	0.010	0	0	0	474	40	1
2026-09-03T18:57:13.833Z	2026-09-03T18:57:19.020Z	2	6	5.2	caught	AtlanticHalibutY	5270	26.893	1.322	0.995217	1640	1976	30.7	1.7	7	65276	0.020	0	0	0	220		1
2026-09-03T19:15:08.189Z	2026-09-03T19:15:15.237Z	2	1	7.0	caught	GreenlandSharkY	5280	152.242	2.372	0.9963526	14622	6915	303.9	1.7	7	65256	0.042	0	0	0	966	44	1
2026-09-04T16:45:10.945Z	2026-09-04T16:45:18.289Z	1	1	7.3	caught	EuropeanSeaSturgeon	5309	120.567	2.735	0.9980515	17382	9086	27.3	1.6	11	59432	0.014	0	0	0	1752	2	1
2026-09-04T16:50:57.475Z	2026-09-04T16:51:04.239Z	1	2	6.8	caught	EuropeanSeaSturgeonY	5308	47.560	2.039	0.9947022	4380	2920	31.8	1.6	11	59412	0.016	0	0	0	204	38	1
2026-09-04T17:00:27.760Z	2026-09-04T17:00:38.150Z	1	1	10.4	cycle_finished								31.6	1.6	11	59382	0.022	0	0	0	1805		1
2026-09-04T17:13:31.020Z	2026-09-04T17:13:37.741Z	1	2	6.7	caught	EuropeanSeaSturgeon	5309	122.516	2.753	0.9995249	17831	9233	36.1	1.6	11	59362	0.006	0	0	0	204	1	1
2026-09-05T13:01:40.822Z	2026-09-05T13:01:48.256Z	1	4	7.4	caught	EuropeanSeaSturgeon	5309	125.065	2.776	0.9970657	19413	9425	24.7	1.7	7	63757	0.013	0	0	0	133	114	1
2026-09-05T13:12:39.204Z	2026-09-05T13:12:46.077Z	1	8	6.9	caught	AtlanticHalibutT	5272	152.552	2.235	0.9978609	44748	20450	30.6	1.7	7	63701	0.016	0	0	0	516	1	1
2026-09-05T13:16:55.833Z	2026-09-05T13:17:01.082Z	1	12	5.2	caught	AtlanticHalibutY	5270	19.167	1.129	0.9855208	1058	1408	31.4	1.7	7	63645	0.011	0	0	0	115	3	1
2026-09-05T14:38:15.486Z	2026-09-05T14:38:22.486Z	1	1	7.0	caught	GreenlandSharkY	5280	165.605	2.506	0.9991522	16296	7522	320.7	1.7	7	63611	0.099	0	0	0			1
2026-09-05T14:45:28.598Z	2026-09-05T14:45:33.552Z	2	2	5.0	caught	GreenlandShark	5281	325.255	3.529	0.997306	33986	15183	321.1	1.6	11	59130	0.080	0	0	0	1830		1
2026-09-05T14:47:26.982Z	2026-09-05T14:47:32.310Z	2	3	5.3	caught	EuropeanSeaSturgeonY	5308	32.499	1.662	0.9890858	1497	1995	25.3	1.6	11	55601	0.020	0	0	0	990		1
2026-09-05T16:22:35.616Z	2026-09-05T16:53:18.343Z	2	1	1842.7	cycle_finished								34.6	1.7	7	59142	0.023	0	0	1	271	1	1
2026-09-05T16:53:57.683Z	2026-09-05T16:54:02.871Z	1	1	5.2	caught	EuropeanSeaSturgeonY	5308	32.702	1.668	0.9865706	1508	2008	28.6	1.6	11	52563	0.008	0	0	0	512		1
2026-09-05T16:55:01.821Z	2026-09-05T16:55:09.415Z	2	2	7.6	caught	EuropeanSeaSturgeon	5309	114.270	2.678	0.9996317	17000	8612	43.0	1.7	7	59104	0.018	0	0	0	381	1	1
2026-09-05T16:55:16.899Z	2026-09-05T16:55:29.290Z	3	1	12.4	caught	EuropeanSeaSturgeon	5309	96.862	2.522	1	1073751659	6571	NaN	3.1	7	35814	0.020	1	0	0
2026-09-05T17:00:10.630Z	2026-09-05T17:00:15.849Z	3	1	5.2	caught	EuropeanSeaSturgeonT	5310	230.170	3.841	1	54638	24283	35.4	3.1	7	35750	0.040	0	0	0	391	7	1
2026-09-05T17:01:11.114Z	2026-09-05T17:01:20.163Z	2	1	9.0	caught	EuropeanSeaSturgeonY	5308	47.538	2.038	0.9913932	4377	2918	18.7	1.7	7	59075	0.006	0	0	0	1827		1
2026-09-05T17:04:35.916Z	2026-09-05T17:04:41.135Z	3	2	5.2	caught	AtlanticCod	5249	13.761	1.194	0.9836221	2252	1501	38.1	3.1	7	35670	0.019	0	1	0	1148	1	1
2026-09-05T17:05:56.793Z	2026-09-05T17:06:02.809Z	1	1	6.0	caught	Meagre	5299	18.116	1.220	0.9891336	1436	1912	35.4	1.6	11	52527	0.006	0	0	0	324	8	1
2026-09-05T17:08:19.735Z	2026-09-05T17:08:33.110Z	3	3	13.4	caught	SpinyDogfishT	5285	6.276	1.182	1	1437	1914	NaN	3.1	7	31310	0.026	1	0	0	156		1
2026-09-05T17:29:35.473Z	2026-09-05T17:29:40.696Z	2	1	5.2	caught	EuropeanSeaSturgeonT	5310	203.440	3.628	1	48293	21463	34.0	3.1	7	35711	0.008	0	0	0	9	3	1
2026-09-05T17:35:14.707Z	2026-09-05T17:35:20.035Z	1	2	5.3	caught	EuropeanSeaSturgeonY	5308	34.746	1.719	0.9968665	3930	1920	33.6	3.1	7	35075	0.007	0	0	0	1141		1
2026-09-05T17:54:22.160Z	2026-09-05T17:55:10.056Z	2	1	47.9	caught	EuropeanSeaSturgeonY	5308	49.399	2.085	0.9553115	4098	3032	30.4	1.8	11	49998	0.008	0	1	1	8	4	1
2026-09-05T17:53:44.971Z	2026-09-05T17:55:57.316Z	1	1	132.3	cycle_finished								34.0	1.8	11	49999	0.007	0	2	2	338	34	1
2026-09-05T18:05:33.394Z	2026-09-05T18:07:01.943Z	2	4	88.5	caught	GreenlandShark	5281	221.033	3.039	0.8813169	23085	10318	22.5	1.8	11	49917	0.064	0	0	2	614		1
2026-09-05T18:03:21.644Z	2026-09-05T18:07:45.925Z	1	2	264.3	cycle_finished								303.4	1.8	11	49792	0.046	0	1	3	776	148	1
2026-09-05T18:11:34.806Z	2026-09-05T18:11:41.946Z	1	3	7.1	caught	GreenlandSharkY	5280	173.685	2.587	0.9914762	18647	7889	307.1	1.8	11	49318	0.117	0	0	0	5		1
2026-09-05T18:12:26.078Z	2026-09-05T18:13:42.876Z	2	5	76.8	caught	GreenlandSharkY	5280	173.237	2.582	0.9994457	18579	7869	170.1	1.8	11	49678	0.063	0	0	0	192		1
2026-09-05T18:16:10.206Z	2026-09-05T18:24:19.624Z	1	7	489.4	cycle_finished								297.9	1.8	12	49069	0.120	0	0	1	62		1
2026-09-06T05:38:36.697Z	2026-09-06T05:44:01.170Z	1	1	324.5	caught	EuropeanSeaSturgeon	5309	105.699	2.601	0.7712827	18404	9830	25.1	2.1	11	68037	0.040	0	3	0	248	5	1
2026-09-06T05:50:01.862Z	2026-09-06T05:50:09.534Z	1	1	7.7	caught	EuropeanSeaSturgeonT	5310	151.517	3.212	0.998306	34170	15985	49.2	2.1	11	67126	0.037	0	0	0	753		1
2026-09-06T05:55:19.835Z	2026-09-06T05:55:22.679Z	1	2	2.8	caught	EuropeanHake	5267	2.921	0.784	0.986535	477	635	55.9	2.1	11	67106	0.049	0	0	0	1001		1
2026-09-06T05:56:10.125Z	2026-09-06T05:56:16.062Z	1	3	5.9	caught	EuropeanSeaSturgeonY	5308	33.300	1.683	0.9957507	2475	2523	49.5	2.1	11	67092	0.017	0	0	0	599	35	1
2026-09-06T06:07:14.345Z	2026-09-06T06:07:21.126Z	1	5	6.8	caught	EuropeanSeaSturgeonY	5308	37.221	1.781	0.9957177	3785	2820	44.1	2.1	11	67059	0.015	0	0	0	1198		1
2026-09-06T06:10:38.281Z	2026-09-06T06:10:46.313Z	1	6	8.0	caught	EuropeanSeaSturgeon	5309	117.041	2.703	0.9978243	21605	10884	38.3	2.1	11	67036	0.048	0	0	0	834	1	1
2026-09-06T06:12:47.654Z	2026-09-06T06:12:52.623Z	1	7	5.0	caught	EuropeanSeaSturgeonU	5311	380.371	4.853	1	157899	70177	47.2	2.1	11	67011	0.036	0	0	0	283		1
2026-09-06T06:22:33.653Z	2026-09-06T06:22:39.934Z	1	8	6.3	caught	EuropeanHakeT	5268	6.450	1.059	0.9973271	1898	2529	54.6	2.1	11	66994	0.011	0	0	0	2258		1
2026-09-06T06:28:29.962Z	2026-09-06T06:28:35.666Z	1	9	5.7	caught	EuropeanSeaSturgeonY	5308	39.492	1.837	0.9967253	4371	2992	57.0	2.1	11	66971	0.001	0	0	0	652	32	1
2026-09-06T06:33:25.975Z	2026-09-06T06:33:32.897Z	1	11	6.9	caught	EuropeanSeaSturgeon	5309	122.263	2.750	0.9985171	23055	11370	48.0	2.1	11	66939	0.008	0	0	0	691		1
2026-09-06T06:58:04.076Z	2026-09-06T07:05:41.118Z	2	9	457.0	caught	NilePerchT	4570	126.178	1.865	0.5405261	24762	11082	21.9	2.2	7	38410	0.005	0	5	0	184		1
2026-09-06T07:29:54.993Z	2026-09-06T07:30:39.526Z	2	21	44.5	FishGoneOther Fish escaped on wrong striki								34.1	2.2	7	36434	0.003	0	0	0	298	36	1
2026-09-06T07:33:07.866Z	2026-09-06T07:33:24.257Z	2	1	16.4	caught	NilePerchT	4570	110.142	1.801	0.986791	21213	9674	27.6	2.2	7	36350	0.002	0	1	0	57	8	1
2026-09-06T07:33:42.344Z	2026-09-06T07:33:58.891Z	2	2	16.5	caught	NilePerch	4560	77.081	1.660	0.9830399	10410	4871	40.2	2.2	7	36289	0.002	0	1	0	166	7	1
2026-09-06T07:35:18.868Z	2026-09-06T07:35:32.768Z	2	4	13.9	caught	NilePerchY	4550	32.974	1.274	0.9728196	1809	1200	32.7	2.2	7	36221	0.001	0	1	0	168	5	1
2026-09-06T07:37:04.564Z	2026-09-06T07:37:11.579Z	2	6	7.0	caught	NilePerchY	4550	28.915	1.200	0.99002	1578	1052	18.4	2.2	7	36164	0.001	0	0	0	178		1
2026-09-06T07:39:27.364Z	2026-09-06T07:39:47.257Z	2	9	19.9	caught	NilePerchU	4580	173.079	1.966	0.9869245	38655	17214	35.2	2.2	7	36118	0.002	0	1	0	194		1
2026-09-06T07:41:26.087Z	2026-09-06T07:41:35.915Z	2	11	9.8	caught	NilePerchT	4570	93.790	1.735	0.9906216	15042	8238	11.4	2.2	7	36037	0.002	0	1	0	176	4	1
2026-09-06T07:47:30.526Z	2026-09-06T07:47:37.339Z	2	4	6.8	caught	NilePerchY	4550	25.841	1.145	0.9899543	1412	941	20.4	2.2	7	35967	0.002	0	0	0	185		1
2026-09-06T07:48:42.236Z	2026-09-06T07:48:55.887Z	2	6	13.7	caught	NilePerchY	4550	29.655	1.214	0.9809763	1619	1079	42.0	2.2	7	35933	0.006	0	0	0	178	4	1
2026-09-06T07:53:48.631Z	2026-09-06T07:53:53.929Z	2	11	5.3	caught	NilePerchY	4550	26.378	1.155	0.9898273	1440	960	14.0	2.2	7	35844	0.002	0	0	0	145		1
2026-09-06T07:54:17.361Z	2026-09-06T07:54:29.275Z	2	12	11.9	caught	NilePerchY	4550	33.805	1.288	0.9919549	1866	1230	35.0	2.2	7	35820	0.001	0	0	0	53		1
2026-09-06T07:54:46.716Z	2026-09-06T07:55:08.124Z	2	13	21.4	caught	NilePerch	4560	61.402	1.550	0.9742056	7523	3881	40.2	2.2	7	35776	0.004	0	1	0	176	4	1
2026-09-06T07:57:14.421Z	2026-09-06T07:57:30.218Z	2	16	15.8	caught	NilePerch	4560	79.572	1.677	0.9835289	10844	5029	23.5	2.2	7	35679	0.002	0	1	0	191	7	1
2026-09-06T08:54:08.981Z	2026-09-06T08:54:22.778Z	2	2	13.8	caught	NilePerchY	4550	31.356	1.244	0.9910616	1712	1141	38.1	2.2	7	35614	0.001	0	0	0	165	7	1
2026-09-06T08:55:38.401Z	2026-09-06T08:55:54.597Z	2	4	16.2	caught	NilePerch	4560	71.957	1.624	0.9847967	9498	4548	31.2	2.2	7	35556	0.001	0	1	0	183		1
2026-09-06T09:00:40.495Z	2026-09-06T09:00:53.451Z	2	10	13.0	caught	NilePerchT	4570	107.235	1.789	0.9882122	16074	9418	9.4	2.2	7	35447	0.001	0	1	0	17		1
2026-09-06T09:01:29.061Z	2026-09-06T09:01:49.003Z	2	12	19.9	caught	NilePerchY	4550	34.049	1.293	0.9641972	1884	1239	31.4	2.2	7	35388	0.002	0	1	0	10	4	1
2026-09-06T09:06:15.266Z	2026-09-06T09:06:30.626Z	2	19	15.4	caught	NilePerch	4560	48.629	1.460	0.9705231	5100	3073	27.3	2.2	7	35260	0.001	0	1	0	173	4	1
2026-09-06T09:09:17.617Z	2026-09-06T09:09:46.542Z	2	23	28.9	caught	NilePerchY	4550	32.320	1.262	0.9467694	1767	1176	31.1	2.2	7	35175	0.003	0	1	0	65	36	1
2026-09-06T09:18:54.523Z	2026-09-06T09:19:08.008Z	2	5	13.5	caught	NilePerchY	4550	32.941	1.273	0.981865	1806	1199	23.8	2.2	7	35019	0.001	0	1	0	187		1
2026-09-06T09:21:11.770Z	2026-09-06T09:21:26.146Z	2	8	14.4	caught	NilePerchU	4580	151.480	1.923	0.9855728	33450	15066	25.8	2.2	7	34950	0.002	0	1	0	79		1
2026-09-06T09:22:50.460Z	2026-09-06T09:23:00.507Z	2	9	10.0	caught	NilePerchY	4550	38.831	1.379	0.9798123	2307	1413	21.6	2.2	7	34897	0.001	0	1	0	134	14	1
2026-09-06T09:27:51.858Z	2026-09-06T09:28:05.030Z	2	3	13.2	caught	NilePerchY	4550	34.512	1.301	0.9753242	1919	1256	25.2	2.2	7	34818	0.001	0	1	0	17	3	1
2026-09-06T09:30:59.106Z	2026-09-06T09:31:12.044Z	2	8	12.9	caught	NilePerchT	4570	90.277	1.721	0.9850816	16401	7929	24.2	2.2	7	34730	0.001	0	1	0	136	16	1
2026-09-06T09:32:21.580Z	2026-09-06T09:32:32.300Z	2	10	10.7	caught	NilePerch	4560	48.342	1.458	0.979687	5051	3055	19.3	2.2	7	34680	0.001	0	1	0	776		1
2026-09-05T17:34:49.753Z	2026-09-06T09:37:13.975Z	4	2	57744.2	FishGoneIncorrectHookSize Fish = WCrappie,								41.6	4.5	7	35740	0.007	0	0	1			1
2026-09-06T11:37:18.267Z	2026-09-06T11:37:25.033Z	2	1	6.8	caught	EuropeanSeaSturgeon	5309	122.981	2.757	0.9970361	16884	9268	25.0	1.6	11	69990	0.014	0	0	0	271		1
2026-09-06T11:39:57.971Z	2026-09-06T11:40:19.702Z	2	2	21.7	FishGoneOnClient PondBoundries								NaN	1.6	11	69969	0.011	1	3	0	2918	30	1
2026-09-06T13:24:06.092Z	2026-09-06T13:24:19.784Z	3	18	13.7	cycle_finished								31.2	2.2	7	38318	0.002	0	0	0	589	37	1
2026-09-06T13:38:12.079Z	2026-09-06T13:38:18.923Z	6	2	6.8	caught	CornishJack	4650	7.899	1.148	0.9978579	791	751	12.4	3.1	7	35697	0.001	0	0	0	556		1
2026-09-06T13:38:41.892Z	2026-09-06T13:39:11.331Z	4	1	29.4	caught	CornishJack	4650	7.252	1.074	0.9549445	726	690	11.4	3.1	7	35961	0.001	0	1	0	867		1
2026-09-06T13:39:28.691Z	2026-09-06T13:39:34.098Z	6	3	5.4	caught	CornishJackT	4660	9.375	1.236	0.9997057	2550	2424	16.8	3.1	7	35686	0.001	0	0	0	259		1
2026-09-06T13:40:03.720Z	2026-09-06T13:40:09.346Z	7	1	5.6	caught	CornishJack	4650	6.194	0.952	0.9881098	620	589	10.8	3.1	7	31097	0.001	0	0	0	1034		1
2026-09-06T13:40:33.566Z	2026-09-06T13:40:46.367Z	4	2	12.8	caught	AfricanTigerfish	4620	11.307	0.822	0.9796287	2133	1185	18.1	3.1	7	35882	0.001	0	1	0	1187	13	1
2026-09-06T13:42:02.231Z	2026-09-06T13:42:07.637Z	6	4	5.4	caught	AfricanTigerfish	4620	11.079	0.813	0.9914992	2091	1161	15.6	3.1	7	35675	0.001	0	0	0	584		1
2026-09-06T13:42:37.654Z	2026-09-06T13:42:49.287Z	7	2	11.6	caught	AfricanTigerfish	4620	11.783	0.841	0.9906765	2223	1235	25.2	3.1	7	31085	0.001	0	1	0	620		1
2026-09-06T13:47:54.955Z	2026-09-06T13:48:11.205Z	4	5	16.3	caught	AfricanTigerfish	4620	12.456	0.868	0.9738536	2354	1306	14.4	3.1	7	35853	0.001	0	1	0	711		1
2026-09-06T13:49:02.087Z	2026-09-06T13:49:07.260Z	7	3	5.2	caught	AfricanTigerfishT	4630	13.480	0.900	0.9995114	6254	3474	13.3	3.1	7	31052	0.001	0	0	0	1671		1
2026-09-06T14:55:46.877Z	2026-09-06T14:56:12.927Z	2	1	26.1	caught	AtlanticHalibut	5271	57.092	1.617	0.9562187	7853	5235	28.5	1.6	11	69613	0.156	0	0	0	60		1
2026-09-06T14:58:01.635Z	2026-09-06T14:58:08.308Z	2	2	6.7	caught	AtlanticHalibut	5271	75.402	1.763	0.9944215	10430	6914	20.3	1.6	11	69537	0.093	0	0	0	134		1
2026-09-06T14:58:38.324Z	2026-09-06T14:58:51.809Z	2	3	13.5	caught	AtlanticHalibut	5271	78.510	1.788	0.9994593	1073752607	7199	NaN	1.6	11	69516	0.082	1	0	0
2026-09-06T15:01:12.863Z	2026-09-06T15:01:18.050Z	2	1	5.2	caught	AtlanticHalibutY	5270	29.609	1.390	0.9904513	1632	2175	23.1	1.6	11	69493	0.456	0	0	0	82		1
2026-09-06T15:02:30.344Z	2026-09-06T15:02:33.213Z	2	2	2.9	caught	WhitingT	5259	2.152	0.565	0.9934219	731	972	30.6	1.6	11	69473	0.085	0	0	0	117		1
2026-09-06T15:07:24.287Z	2026-09-06T15:07:35.256Z	2	3	11.0	caught	AtlanticHalibutY	5270	23.847	1.246	0.9992508	1316	1752	33.7	1.6	11	69459	0.281	0	0	0	814		1
2026-09-06T15:09:38.102Z	2026-09-06T15:09:41.352Z	1	2	3.3	caught	SpinyDogfish	5284	3.912	0.940	0.9936126	578	768	16.7	2.1	11	69346	0.163	0	0	0	472		1
2026-09-06T15:12:22.201Z	2026-09-06T15:12:27.404Z	1	3	5.2	caught	AtlanticHalibutY	5270	21.720	1.193	0.9998291	1478	1969	27.7	2.1	11	69332	0.343	0	0	0	161	7	1
2026-09-06T15:13:08.650Z	2026-09-06T15:13:13.834Z	1	4	5.2	caught	AtlanticHalibutY	5270	22.815	1.220	0.9998953	1553	2068	32.4	2.1	11	69312	0.278	0	0	0	623	30	1
2026-09-06T15:13:25.464Z	2026-09-06T15:13:55.489Z	2	4	30.0	caught	AtlanticHalibut	5271	77.147	1.777	0.9960874	10742	7074	32.3	1.6	11	69438	0.188	0	0	0	736	30	1
2026-09-06T16:02:11.431Z	2026-09-06T16:02:18.197Z	1	6	6.8	caught	AtlanticHalibut	5271	73.845	1.751	0.997078	13785	8356	19.6	2.1	11	69281	0.209	0	0	0	125		1
2026-09-06T16:04:41.330Z	2026-09-06T16:04:46.530Z	1	7	5.2	caught	AtlanticHalibut	5271	74.257	1.754	0.9976732	13916	8403	27.7	2.1	11	69259	0.022	0	0	0	598	3	1
2026-09-06T16:05:08.592Z	2026-09-06T16:05:14.591Z	2	1	6.0	caught	AtlanticHalibut	5271	68.141	1.705	1	9372	6248	28.1	1.6	11	69353	0.176	0	0	0	914	3	1
2026-09-06T16:06:11.013Z	2026-09-06T16:06:16.201Z	2	2	5.2	caught	AtlanticHalibutY	5270	14.590	1.015	0.9862028	806	1072	28.1	1.6	11	69336	0.078	0	0	0	210		1
2026-09-06T16:06:45.458Z	2026-09-06T16:06:50.654Z	1	8	5.2	caught	AtlanticHalibutY	5270	21.773	1.194	0.9929738	1482	1974	22.4	2.1	11	69237	0.030	0	0	0	499	7	1
2026-09-06T16:07:01.388Z	2026-09-06T16:07:14.809Z	3	3	13.4	caught	AtlanticHalibutT	5272	142.212	2.173	0.994041	37868	19064	25.0	1.6	11	69970	0.020	0	0	0	105		1
2026-09-06T16:09:09.003Z	2026-09-06T16:09:17.534Z	2	3	8.5	caught	AtlanticCodU	5251	47.307	1.723	1	26742	20597	28.0	1.6	11	69316	0.131	1	0	1
2026-09-06T16:14:18.693Z	2026-09-06T16:14:23.897Z	1	1	5.2	caught	AtlanticHalibutY	5270	22.555	1.214	0.9930825	1535	2045	23.2	2.1	11	69207	0.151	0	0	0	880	1	1
2026-09-06T16:15:09.470Z	2026-09-06T16:15:16.189Z	2	1	6.7	caught	AtlanticHalibutU	5273	209.170	2.531	0.9971855	102056	47180	22.5	1.6	11	69302	0.289	0	0	0	910		1
2026-09-06T16:17:29.070Z	2026-09-06T16:17:34.273Z	2	2	5.2	caught	AtlanticHalibut	5271	70.227	1.722	0.9959553	9660	6440	17.7	1.6	11	69280	0.089	0	0	0	437		1
2026-09-06T16:21:32.651Z	2026-09-06T16:21:37.995Z	2	1	5.3	caught	AtlanticHalibutY	5270	20.091	1.152	0.9871792	1109	1476	20.8	1.6	11	69258	0.102	0	0	0	186		1
2026-09-06T16:17:39.007Z	2026-09-06T16:22:07.395Z	1	2	268.4	FishGoneIncorrectHookSize Fish = SpinyDogf								NaN	2.1	11	69187	0.093	1	2	3	2076	23	1
2026-09-06T16:23:59.695Z	2026-09-06T16:24:10.478Z	3	1	10.8	caught	AtlanticHalibutY	5270	18.545	1.114	0.9572262	1023	1362	29.5	1.6	11	69912	0.097	0	0	0	961		1
2026-09-06T16:28:55.029Z	2026-09-06T16:29:00.294Z	2	1	5.3	caught	AtlanticWolffishT	5297	13.950	1.218	0.987849	2619	3491	22.8	1.6	11	69226	0.165	0	0	0	683	33	1
