GeneratedAt,HookedAt,CaughtAt,EscapedAt,BrokenAt,InterruptedAt,FightSec,Weight,FishId,HookedDistance,FinishAttackSec,IsStriking,IsWrongStriking,RodId,ReelId,LineId,LeaderId,BaitOrLureId,RodTemplate,RodType,DragStyle,BoatType,IsTrolling,Exp,Silver,PondId,Slot,Level,HookSize,GoneReason,EscapedReason,GenerateDistance,EscapedDistance
2026-08-07 09:54:39.173,2026-08-07 09:54:39.983,2026-08-07 09:55:47.983,,,,67.9816,33.416,2761,30.4,0.827996,1,0,4510,4420,13890,14245,1354,3,26,5,98,0,2853,5062,251,6,52,18,,,31.0973,
2026-08-07 09:57:06.430,2026-08-07 09:57:08.323,2026-08-07 09:57:30.273,,,,21.6405,14.807,2760,17.0514,1.89067,0,0,4510,4420,13890,14245,1354,3,26,5,98,0,819,2244,251,6,52,18,,,18.4949,
2026-08-07 10:23:14.040,2026-08-07 10:23:26.650,2026-08-07 10:23:35.700,,,,8.92642,5.663,2204,13.2678,12.6096,1,0,6680,6280,13890,7600,7870,5,129,0,,0,212,903,124,3,52,28,,,11.399,
2026-08-07 10:24:15.937,2026-08-07 10:24:35.717,2026-08-07 10:24:44.633,,,,7.96298,13.380,43,13.9063,19.7791,1,0,6680,6280,13890,7600,7820,5,129,0,,0,774,2384,124,1,52,28,,,13.7773,
2026-08-07 10:26:43.393,2026-08-07 10:26:55.597,2026-08-07 10:27:00.800,,,,4.3905,5.209,2207,13.037,12.2036,1,0,6680,6280,13890,7600,7830,5,129,0,,0,297,1182,124,2,52,28,,,11.539,
2026-08-07 10:27:54.450,2026-08-07 10:28:04.937,2026-08-07 10:28:10.577,,,,5.26588,5.387,2201,14.5923,10.4849,1,0,6680,6280,13890,7600,7830,5,129,0,,0,192,1010,124,2,52,28,,,12.6764,
2026-08-07 10:28:32.490,2026-08-07 10:28:48.317,,2026-08-07 10:28:59.740,,,10.907,31.536,2203,12.9399,15.8288,1,0,6680,6280,13890,7600,7840,5,129,0,,0,,,124,4,52,28,,low,12.1951,24.7817
2026-08-07 10:28:52.007,2026-08-07 10:29:07.570,2026-08-07 10:29:17.553,,,,9.87514,10.913,2202,14.671,15.5629,1,0,6680,6280,13890,7600,7870,5,129,0,,0,431,2148,124,3,52,28,,,14.3879,
2026-08-07 10:30:55.270,2026-08-07 10:31:02.367,2026-08-07 10:31:21.037,,,,18.2507,19.119,2206,14.0529,7.09374,1,0,6680,6280,13890,7600,7830,5,129,0,,0,2318,3405,124,4,52,28,,,13.5641,
2026-08-07 10:32:49.487,2026-08-07 10:32:59.143,2026-08-07 10:33:17.083,,,,17.2195,14.484,2208,15.943,9.65649,1,0,6680,6280,13890,7600,7830,5,129,0,,0,1623,2716,124,4,52,28,,,16.2321,
2026-08-07 10:33:39.867,2026-08-07 10:34:06.007,2026-08-07 10:34:28.553,,,,21.9675,19.226,2203,16.1349,26.1418,1,0,6680,6280,13890,7600,7840,5,129,0,,0,2229,3966,124,2,52,28,,,13.2964,
2026-08-07 10:35:13.727,2026-08-07 10:35:31.437,2026-08-07 10:36:58.847,,,,87.2694,32.519,2206,17.0732,17.7257,1,0,6680,6280,13890,7600,7840,5,129,0,,0,4560,5793,124,2,52,28,,,15.3559,
2026-08-07 10:35:19.353,2026-08-07 10:35:59.733,,2026-08-07 10:36:16.923,,,0,11.908,2211,15.4975,40.3827,0,0,6680,6280,13890,7600,7840,5,129,0,,0,,,124,1,52,28,,low,13.3109,11.9317
2026-08-07 10:37:51.537,2026-08-07 10:38:15.490,2026-08-07 10:38:37.433,,,,21.3833,22.225,2212,16.0444,23.9504,1,0,6680,6280,13890,7600,7840,5,129,0,,0,2694,3750,124,1,52,28,,,14.5781,
2026-08-07 10:39:07.093,2026-08-07 10:39:17.467,2026-08-07 10:39:23.597,,,,5.81603,4.491,2201,16.463,10.3755,1,0,6680,6280,13890,7600,7840,5,129,0,,0,161,842,124,1,52,28,,,14.5922,
2026-08-07 10:39:25.263,2026-08-07 10:39:37.523,2026-08-07 10:40:04.587,,,,26.6269,27.091,2209,14.9952,12.2578,1,0,6680,6280,13890,7600,7830,5,129,0,,0,4145,5486,124,3,52,28,,,15.452,
2026-08-07 10:40:52.780,2026-08-07 10:41:00.873,2026-08-07 10:41:08.153,,,,6.85984,5.834,2204,16.2134,8.09407,1,0,6680,6280,13890,7600,7840,5,129,0,,0,218,930,124,2,52,28,,,16.1518,
2026-08-07 10:43:21.323,2026-08-07 10:43:32.100,2026-08-07 10:43:43.867,,,,11.7035,12.660,2211,14.5221,10.7767,1,0,6680,6280,13890,7600,7830,5,129,0,,0,720,2066,124,3,52,28,,,14.4094,
2026-08-07 10:48:02.193,2026-08-07 10:48:25.600,2026-08-07 10:48:40.980,,,,14.9415,15.768,2202,13.3135,23.4071,1,0,6680,6280,13890,7600,7840,5,129,0,,0,1190,3105,124,2,52,28,,,12.1955,
2026-08-07 10:48:28.447,2026-08-07 10:48:47.887,2026-08-07 10:49:01.950,,,,13.5634,13.266,2211,11.8199,19.4383,1,0,6680,6280,13890,7600,7840,5,129,0,,0,902,2164,124,1,52,28,,,10.3107,
2026-08-07 10:52:20.663,2026-08-07 10:52:36.220,2026-08-07 10:52:53.050,,,,16.2192,15.138,2205,14.9981,15.5556,1,0,6680,6280,13890,7600,7870,5,129,0,,0,1376,2554,124,4,52,28,,,14.4171,
2026-08-07 10:53:11.783,2026-08-07 10:53:23.987,2026-08-07 10:53:28.240,,,,4.22239,4.006,2201,12.529,12.2037,1,0,6680,6280,13890,7600,7870,5,129,0,,0,143,752,124,4,52,28,,,12.012,
2026-08-07 10:54:28.180,2026-08-07 10:54:42.463,2026-08-07 10:55:03.010,,,,20.5153,18.778,2203,15.9202,14.2829,1,0,6680,6280,13890,7600,7870,5,129,0,,0,2177,3873,124,4,52,28,,,15.377,
2026-08-07 10:55:09.217,2026-08-07 10:55:27.870,2026-08-07 10:55:42.543,,,,13.8406,12.983,2211,14.755,18.6528,1,0,6680,6280,13890,7600,7870,5,129,0,,0,837,2118,124,2,52,28,,,14.0857,
2026-08-07 10:55:29.877,2026-08-07 10:55:51.053,2026-08-07 10:55:55.487,,,,3.81032,4.338,2201,13.7421,21.1753,1,0,6680,6280,13890,7600,7870,5,129,0,,0,155,813,124,1,52,28,,,12.9365,
2026-08-07 10:56:08.893,2026-08-07 10:56:17.427,2026-08-07 10:56:23.020,,,,5.09398,5.716,2204,13.6789,8.53194,1,0,6680,6280,13890,7600,7870,5,129,0,,0,215,910,124,4,52,28,,,13.6372,
2026-08-07 18:41:28.720,2026-08-07 18:41:30.823,2026-08-07 18:41:51.147,,,,20.2432,11.414,2760,30.2567,2.10391,0,0,4510,4420,13890,14245,1354,3,26,5,98,0,539,1730,251,6,52,18,,,32.0582,
2026-08-07 18:43:29.610,2026-08-07 18:43:30.760,2026-08-07 18:46:32.707,,,,181.602,39.085,2761,10.7869,1.1521,1,0,4510,4420,13890,14245,1354,3,26,5,98,0,3029,5922,251,6,52,18,,,12.3152,
2026-08-07 18:51:49.617,2026-08-07 18:51:50.603,2026-08-07 18:52:49.120,,,,58.459,21.853,2760,18.2124,0.984311,1,0,4510,4420,13890,14245,1354,3,26,5,98,0,1275,3310,251,6,52,18,,,18.2213,
2026-08-08 07:59:02.340,2026-08-08 07:59:02.710,2026-08-08 08:09:13.757,,,,610.904,54.589,2762,11.2599,0.372282,0,0,4510,4420,13890,14245,1354,3,26,0,98,0,4038,8270,251,6,52,18,,,11.7795,
2026-08-08 08:21:28.303,2026-08-08 08:21:36.617,2026-08-08 08:21:46.100,,,,9.10948,3.614,2101,27.575,8.31244,1,0,4570,6280,13600,14245,716,4,28,0,,0,56,542,180,7,52,18,,,28.9841,
2026-08-08 08:37:47.973,2026-08-08 08:38:22.993,2026-08-08 08:38:45.743,,,,22.0936,6.289,110,50.5303,35.0231,1,0,4570,6280,13600,14245,715,4,28,0,,0,263,1604,180,7,52,18,,,50.8492,
2026-08-08 08:37:52.300,2026-08-08 08:37:53.460,2026-08-08 08:38:16.487,,,,22.9039,5.004,109,38.7762,1.15879,0,0,4510,4420,13890,14245,755,3,26,0,,0,192,1506,180,6,52,22,,,39.633,
2026-08-08 08:40:25.087,2026-08-08 08:40:25.913,2026-08-08 08:40:33.727,,,,7.60939,4.497,109,19.8577,0.828179,0,0,4510,4420,13890,14245,755,3,26,5,,0,173,1353,180,6,52,22,,,21.0335,
2026-08-08 08:40:57.883,2026-08-08 08:41:00.133,2026-08-08 08:41:09.710,,,,9.43774,0.646,108,30.0394,2.25015,0,0,4510,4420,13890,14245,755,3,26,5,,0,21,174,180,6,52,22,,,32.8423,
2026-08-08 08:44:35.050,2026-08-08 08:44:47.173,2026-08-08 08:44:56.423,,,,8.98387,5.253,42,37.1938,12.1248,1,0,6680,6280,13890,7600,7870,5,129,0,,0,132,866,180,3,52,28,,,35.3182,
2026-08-08 09:03:31.200,2026-08-08 09:04:06.420,2026-08-08 09:04:22.170,,,,15.5962,25.026,2209,14.6308,35.2189,1,0,6680,6280,13890,7600,7880,5,129,0,,0,3554,5068,124,1,52,28,,,13.6062,
2026-08-08 09:03:40.433,2026-08-08 09:03:51.200,2026-08-08 09:03:57.823,,,,5.64084,5.661,42,12.1015,10.7655,1,0,6680,6280,13890,7600,7820,5,129,0,,0,131,956,124,2,52,28,,,12.8714,
2026-08-08 09:03:51.590,2026-08-08 09:04:29.263,2026-08-08 09:04:37.370,,,,7.3905,13.174,43,13.279,37.672,1,0,6680,6280,13890,7600,7820,5,129,0,,0,731,2346,124,3,52,28,,,11.5403,
2026-08-08 12:05:02.483,2026-08-08 12:05:11.763,2026-08-08 12:05:16.560,,,,4.01596,4.908,2210,13.8241,9.28136,1,0,6680,6280,13890,7600,7880,5,129,0,,0,100,521,124,1,52,28,,,13.9215,
2026-08-08 12:06:11.703,2026-08-08 12:06:43.313,2026-08-08 12:06:54.470,,,,10.5285,13.227,2208,13.6929,31.6121,1,0,6680,6280,13890,7600,7820,5,129,0,,0,849,1653,124,2,52,28,,,12.5513,
2026-08-08 12:06:17.827,2026-08-08 12:06:27.203,2026-08-08 12:06:36.360,,,,8.7657,12.933,2202,15.9952,9.37493,1,0,6680,6280,13890,7600,7880,5,129,0,,0,423,1697,124,1,52,28,,,14.9639,
2026-08-08 12:07:23.107,2026-08-08 12:07:40.660,2026-08-08 12:07:46.517,,,,5.39104,4.820,2204,16.3823,17.5515,1,0,6680,6280,13890,7600,7820,5,129,0,,0,111,512,124,3,52,28,,,16.1815,
2026-08-08 12:09:00.547,2026-08-08 12:09:15.127,2026-08-08 12:09:29.110,,,,13.188,13.146,2205,18.6436,14.5788,1,0,6680,6280,13890,7600,7880,5,129,0,,0,560,1479,124,1,52,28,,,15.9748,
2026-08-08 12:09:30.313,2026-08-08 12:09:51.823,2026-08-08 12:09:57.023,,,,5.09356,12.613,2211,14.5363,21.5082,1,0,6680,6280,13890,7600,7820,5,129,0,,0,500,1372,124,3,52,28,,,14.266,
2026-08-08 12:11:14.220,2026-08-08 12:11:24.000,2026-08-08 12:11:29.953,,,,4.70328,5.679,2207,15.4071,9.7975,1,0,6680,6280,13890,7600,7870,5,129,0,,0,215,859,124,1,52,28,,,14.2332,
2026-08-08 12:11:48.793,2026-08-08 12:11:54.153,2026-08-08 12:11:59.573,,,,4.81169,5.491,2201,13.6003,5.35721,1,0,6680,6280,13890,7600,7820,5,129,0,,0,130,686,124,2,52,28,,,12.6311,
2026-08-08 12:12:27.153,2026-08-08 12:12:43.750,2026-08-08 12:12:48.953,,,,4.19046,5.604,2201,10.2949,16.5964,1,0,6680,6280,13890,7600,7820,5,129,0,,0,133,701,124,3,52,28,,,10.0797,
2026-08-08 12:13:02.920,2026-08-08 12:13:22.467,2026-08-08 12:13:27.687,,,,4.75428,5.049,42,12.6667,19.5476,1,0,6680,6280,13890,7600,7820,5,129,0,,0,85,568,124,4,52,28,,,12.6862,
2026-08-08 12:15:42.963,2026-08-08 12:15:48.373,2026-08-08 12:15:53.403,,,,4.91506,4.898,2201,14.7162,5.40892,1,0,6680,6280,13890,7600,7830,5,129,0,,0,117,612,124,1,52,28,,,14.7797,
2026-08-08 12:16:59.540,2026-08-08 12:17:08.637,2026-08-08 12:17:14.620,,,,5.85931,11.093,2208,15.0054,9.07877,1,0,6680,6280,13890,7600,7830,5,129,0,,0,459,1387,124,1,52,28,,,15.0987,
2026-08-08 12:19:16.750,2026-08-08 12:19:24.097,2026-08-08 12:19:32.550,,,,8.45381,5.952,42,16.416,7.34357,1,0,6680,6280,13890,7600,7830,5,129,0,,0,99,670,124,2,52,28,,,16.1482,
2026-08-08 12:19:26.000,2026-08-08 12:19:39.860,2026-08-08 12:19:45.393,,,,5.17414,5.002,2201,16.0356,13.8599,1,0,6680,6280,13890,7600,7880,5,129,0,,0,119,625,124,4,52,28,,,15.4793,
2026-08-08 12:19:44.660,2026-08-08 12:19:59.020,2026-08-08 12:20:06.003,,,,6.73482,12.817,43,12.9808,14.3597,1,0,6680,6280,13890,7600,7880,5,129,0,,0,483,1522,124,3,52,28,,,12.288,
2026-08-08 12:22:02.050,2026-08-08 12:22:09.160,2026-08-08 12:22:14.893,,,,5.40635,5.489,2207,15.2964,7.10953,1,0,6680,6280,13890,7600,7880,5,129,0,,0,208,830,124,4,52,28,,,14.7498,
2026-08-08 12:28:54.787,2026-08-08 12:29:09.443,2026-08-08 12:29:22.860,,,,13.3089,16.063,2202,18.5935,14.6571,1,0,6680,6280,13890,7600,7870,5,129,0,,0,811,2108,124,1,52,28,,,18.3023,
2026-08-08 12:30:17.113,2026-08-08 12:30:34.617,2026-08-08 12:30:44.880,,,,9.95141,5.693,2207,18.1906,17.5007,1,0,6680,6280,13890,7600,7870,5,129,0,,0,216,861,124,4,52,28,,,17.7155,
2026-08-08 12:32:31.287,2026-08-08 12:32:39.503,2026-08-08 12:32:48.880,,,,8.90702,5.392,42,20.4902,8.2192,1,0,6680,6280,13890,7600,7870,5,129,0,,0,90,607,124,1,52,28,,,20.0889,
2026-08-08 12:33:24.613,2026-08-08 12:33:48.790,2026-08-08 12:34:10.540,,,,20.9072,14.352,2205,18.4969,24.1775,1,0,6680,6280,13890,7600,7870,5,129,0,,0,806,1615,124,4,52,28,,,18.0011,
2026-08-20 12:38:51.740,2026-08-20 12:39:20.083,2026-08-20 12:39:33.287,,,,12.5313,3.278,109,41.8654,28.3585,1,0,4570,6280,13890,14245,715,4,28,0,,0,80,557,180,3,52,20,,,41.6031,
2026-08-20 12:39:25.067,2026-08-20 12:39:41.303,2026-08-20 12:39:56.100,,,,14.328,3.498,109,39.3568,16.2366,1,0,4570,6280,13890,14245,715,4,28,0,,0,85,595,180,1,52,20,,,39.3535,
2026-08-20 12:41:46.880,2026-08-20 12:42:01.573,2026-08-20 12:42:21.347,,,,19.3207,8.144,110,43.2223,14.6758,1,0,4570,6280,13890,14245,715,4,28,0,,0,213,1384,180,1,52,20,,,42.979,
2026-08-20 12:52:36.047,2026-08-20 12:52:52.093,2026-08-20 12:53:06.843,,,,14.5937,2.820,109,43.5047,16.047,1,0,4570,6280,13890,14245,858,4,28,0,,0,69,479,180,2,52,20,,,43.0639,
2026-08-20 12:52:58.960,2026-08-20 12:53:25.883,2026-08-20 12:53:45.287,,,,19.2499,4.766,109,47.102,26.9213,1,0,4570,6280,13890,14245,715,4,28,0,,0,115,810,180,4,52,20,,,46.7079,
2026-08-20 13:01:35.910,2026-08-20 13:01:37.427,2026-08-20 13:01:47.177,,,,9.51593,0.644,108,27.374,1.51567,0,0,4510,4420,13890,14245,480,3,26,5,103,0,13,115,180,5,52,22,,,29.2349,
2026-08-20 13:02:17.383,2026-08-20 13:02:18.163,2026-08-20 13:02:26.367,,,,8.07833,0.657,108,23.5423,0.781252,0,0,4510,4420,13890,14245,480,3,26,5,103,0,14,118,180,5,52,22,,,24.3303,
2026-08-20 13:03:14.250,2026-08-20 13:03:15.390,2026-08-20 13:03:17.877,,,,2.34446,0.500,108,9.48043,1.14004,0,0,4510,4420,13890,14245,755,3,26,5,103,0,11,90,180,5,52,22,,,10.7441,
2026-08-20 13:06:13.633,2026-08-20 13:06:24.680,2026-08-20 13:06:36.633,,,,11.9534,8.368,110,15.9548,11.0467,1,0,4570,6280,13890,14245,715,4,28,0,103,0,221,1423,180,3,52,20,,,13.969,
2026-08-20 13:08:01.037,2026-08-20 13:08:31.903,2026-08-20 13:08:40.513,,,,8.40632,5.670,109,16.9409,30.8332,1,0,4570,6280,13890,14245,715,4,28,0,103,0,137,964,180,3,52,20,,,17.0289,
2026-08-21 17:59:51.713,2026-08-21 18:00:05.110,,2026-08-21 18:00:46.757,,,28.8827,49.465,2903,33.3564,13.3988,1,0,4570,6280,13890,14245,715,4,28,0,,0,,,180,1,52,20,,low,32.5949,22.0735
2026-08-21 18:00:03.457,2026-08-21 18:00:34.970,2026-08-21 18:00:39.790,,,,4.67996,2.238,109,18.3912,31.5159,1,0,4570,6280,13890,14245,715,4,28,0,,0,55,380,180,4,52,20,,,18.5631,
2026-08-21 18:01:53.580,2026-08-21 18:02:01.180,2026-08-21 18:02:31.947,,,,30.6399,30.402,2903,27.8086,7.59899,1,0,4570,6280,13890,14245,715,4,28,0,,0,1013,1927,180,4,52,20,,,28.1458,
2026-08-21 18:03:39.730,2026-08-21 18:04:12.417,2026-08-21 18:04:22.403,,,,9.40206,6.929,2101,23.9853,32.6711,1,0,4570,6280,13890,14245,715,4,28,0,,0,70,693,180,1,52,20,,,23.0102,
2026-08-21 18:09:28.277,2026-08-21 18:09:47.167,2026-08-21 18:10:17.713,,,,30.2045,4.136,109,77.1997,18.8908,1,0,4570,6280,13890,14245,715,4,28,0,,0,101,703,180,1,52,20,,,77.3497,
2026-08-21 18:11:02.980,2026-08-21 18:11:10.870,2026-08-21 18:11:37.793,,,,26.725,6.948,110,64.6918,7.89155,1,0,4570,6280,13890,14245,715,4,28,0,,0,182,1181,180,3,52,20,,,64.0973,
2026-08-21 18:12:16.497,2026-08-21 18:12:42.553,2026-08-21 18:13:08.377,,,,25.715,4.739,109,65.089,26.0569,1,0,4570,6280,13890,14245,715,4,28,0,,0,115,806,180,4,52,20,,,64.8802,
2026-08-21 18:12:50.673,2026-08-21 18:13:31.470,2026-08-21 18:14:04.343,,,,32.8554,19.371,2102,46.4914,40.7985,1,0,4570,6280,13890,14245,715,4,28,0,,0,377,1860,180,1,52,20,,,45.736,
2026-08-21 18:16:35.260,2026-08-21 18:17:14.400,2026-08-21 18:17:28.087,,,,13.5317,2.951,2100,41.605,39.1387,1,0,4570,6280,13890,14245,715,4,28,0,,0,29,195,180,4,52,20,,,41.4772,
2026-08-21 18:19:04.613,2026-08-21 18:19:20.507,2026-08-21 18:19:34.733,,,,14.0742,6.206,2101,36.2484,15.8951,1,0,4570,6280,13890,14245,715,4,28,0,,0,63,621,180,4,52,20,,,36.2826,
2026-08-21 18:20:04.763,2026-08-21 18:20:28.493,2026-08-21 18:20:58.857,,,,30.335,6.095,2101,79.0804,23.7283,1,0,4570,6280,13890,14245,715,4,28,0,,0,62,610,180,4,52,20,,,78.9066,
2026-08-25 14:15:49.713,2026-08-25 14:16:09.180,2026-08-25 14:17:26.390,,,,77.2121,47.685,2903,33.8565,19.4664,1,0,4570,6280,13890,14245,715,4,28,0,,0,1974,3023,180,4,52,20,,,33.4353,
2026-08-25 14:17:33.940,2026-08-25 14:18:07.540,2026-08-25 14:18:19.743,,,,12.0163,4.051,2101,30.7147,33.6009,1,0,4570,6280,13890,14245,715,4,28,0,,0,41,405,180,2,52,20,,,30.4637,
2026-08-25 14:18:45.030,2026-08-25 14:18:56.380,2026-08-25 14:19:20.690,,,,24.2819,8.154,110,39.58,11.3493,1,0,4570,6280,13890,14245,715,4,28,0,,0,213,1386,180,1,52,20,,,39.6341,
2026-08-25 14:21:25.557,2026-08-25 14:21:54.953,2026-08-25 14:22:15.157,,,,20.0162,5.657,109,36.4003,29.3956,1,0,4570,6280,13890,14245,715,4,28,0,,0,137,962,180,4,52,20,,,36.5888,
2026-08-25 14:23:04.300,2026-08-25 14:23:35.080,2026-08-25 14:23:44.363,,,,9.07845,3.384,109,29.4772,30.7825,1,0,4570,6280,13890,14245,715,4,28,0,,0,83,575,180,1,52,20,,,29.4358,
2026-08-25 14:39:14.723,2026-08-25 14:39:15.450,2026-08-25 14:39:17.723,,,,2.13452,0.522,2000,13.096,0.725078,0,0,13350,6360,13890,14245,610,3,25,5,103,0,22,46,180,5,52,16,,,13.9189,
2026-08-25 14:53:17.087,2026-08-25 14:53:50.463,2026-08-25 14:54:08.943,,,,18.2304,5.731,109,39.7208,33.3773,1,0,4570,6280,13890,14245,715,4,28,0,,0,139,974,180,4,52,20,,,39.44,
2026-08-25 14:54:28.243,2026-08-25 14:55:02.663,2026-08-25 14:55:19.387,,,,16.4721,5.640,109,41.9887,34.4231,1,0,4570,6280,13890,14245,715,4,28,0,,0,136,959,180,3,52,20,,,41.3118,
2026-08-25 15:10:36.227,2026-08-25 15:10:50.697,2026-08-25 15:11:02.493,,,,11.5138,5.252,109,27.3351,14.4691,1,0,4570,6280,13890,14245,715,4,28,0,,0,127,893,180,1,52,20,,,26.949,
2026-08-25 15:11:39.837,2026-08-25 15:11:50.573,2026-08-25 15:12:02.693,,,,12.0906,5.228,109,25.955,10.7345,1,0,4570,6280,13890,14245,715,4,28,0,,0,126,889,180,3,52,20,,,25.5408,
2026-08-25 15:36:53.213,2026-08-25 15:37:22.560,2026-08-25 15:37:32.127,,,,9.37958,4.188,109,27.3443,29.3458,1,0,4570,6280,13890,14245,715,4,28,0,,0,101,712,180,4,52,20,,,26.4987,
2026-08-25 15:40:01.193,2026-08-25 15:40:25.570,2026-08-25 15:40:37.263,,,,11.0471,7.752,110,28.8189,24.3757,1,0,4570,6280,13890,14245,715,4,28,0,,0,203,1318,180,1,52,20,,,29.2205,
2026-08-25 15:41:11.637,2026-08-25 15:41:19.200,2026-08-25 15:41:40.550,,,,21.0218,10.433,110,28.3602,7.56293,1,0,4570,6280,13890,14245,715,4,28,0,,0,434,1774,180,4,52,20,,,28.152,
2026-08-25 15:43:26.817,2026-08-25 15:44:00.853,2026-08-25 15:44:10.073,,,,8.70383,3.666,109,28.7575,34.0372,1,0,4570,6280,13890,14245,715,4,28,0,,0,90,623,180,2,52,20,,,29.2057,
2026-08-25 15:43:39.657,2026-08-25 15:44:16.340,2026-08-25 15:44:27.840,,,,11.2972,3.672,109,29.7791,36.6818,1,0,4570,6280,13890,14245,715,4,28,0,,0,90,624,180,3,52,20,,,30.4546,
2026-08-25 15:50:10.280,2026-08-25 15:50:19.293,2026-08-25 15:50:30.687,,,,11.391,5.069,109,26.4662,9.016,1,0,4570,6280,13890,14245,715,4,28,0,,0,122,862,180,1,52,20,,,26.2717,
2026-08-25 15:53:42.720,2026-08-25 15:54:10.207,2026-08-25 15:54:21.617,,,,10.9716,4.280,109,26.9324,27.4874,1,0,4570,6280,13890,14245,715,4,28,0,,0,104,728,180,4,52,20,,,27.3564,
2026-08-25 15:54:49.910,2026-08-25 15:55:19.030,2026-08-25 15:55:27.767,,,,8.68769,2.811,109,23.6163,29.1354,1,0,4570,6280,13890,14245,715,4,28,0,,0,69,478,180,3,52,20,,,23.4715,
2026-08-25 15:58:17.570,2026-08-25 15:58:26.870,2026-08-25 15:58:39.777,,,,12.9068,5.288,109,27.4969,9.29688,1,0,4570,6280,13890,14245,715,4,28,0,,0,128,899,180,4,52,20,,,27.7594,
2026-08-25 16:01:01.090,2026-08-25 16:01:26.873,2026-08-25 16:01:37.400,,,,10.4024,2.905,109,28.4014,25.7819,1,0,4570,6280,13890,14245,715,4,28,0,,0,71,494,180,3,52,20,,,27.7921,
2026-08-25 16:08:29.127,2026-08-25 16:08:38.753,2026-08-25 16:08:52.280,,,,13.2967,10.965,110,27.0104,9.6258,1,0,4570,6280,13890,14245,715,4,28,0,,0,481,1864,180,4,52,20,,,26.8792,
2026-08-25 16:08:54.477,2026-08-25 16:09:08.323,2026-08-25 16:09:26.900,,,,18.0008,4.559,109,42.6583,13.844,1,0,4570,6280,13890,14245,715,4,28,0,,0,111,775,180,2,52,20,,,42.0297,
2026-08-25 16:14:25.613,2026-08-25 16:14:46.847,2026-08-25 16:14:56.557,,,,9.47435,3.990,109,26.1665,21.2348,1,0,4570,6280,13890,14245,715,4,28,0,,0,97,678,180,3,52,20,,,26.0751,
2026-08-25 16:15:33.323,2026-08-25 16:15:55.580,2026-08-25 16:16:13.080,,,,17.2351,4.457,109,37.9469,22.2711,1,0,4570,6280,13890,14245,715,4,28,0,,0,108,758,180,1,52,20,,,37.1544,
2026-08-25 18:08:01.897,2026-08-25 18:08:15.210,2026-08-25 18:08:36.583,,,,20.7498,7.671,110,28.916,13.3122,1,0,4570,6280,13890,14245,715,4,28,0,,0,200,1304,180,4,52,20,,,28.15,
2026-08-25 18:24:47.653,2026-08-25 18:24:50.760,2026-08-25 18:24:56.140,,,,5.1607,5.416,109,8.38096,3.10725,0,0,13350,6360,13890,14245,821,2,25,5,,0,128,1086,180,5,52,22,,,11.8247,
2026-08-29 17:36:14.540,2026-08-29 17:36:21.693,2026-08-29 17:37:07.820,,,,46.0795,74.842,3115,20.2263,7.15468,1,0,4570,6280,13890,14245,13565,4,28,0,103,0,3638,8607,200,1,52,20,,,20.0719,
2026-08-29 17:57:12.183,2026-08-29 17:57:38.847,2026-08-29 17:57:46.457,,,,7.5472,4.252,109,25.0493,26.6642,1,0,4570,6280,13890,14245,715,4,28,0,,0,104,723,180,2,53,20,,,24.4873,
2026-08-29 17:57:14.433,2026-08-29 17:57:52.863,2026-08-29 17:58:00.567,,,,7.29778,3.829,109,25.328,38.4301,1,0,4570,6280,13890,14245,715,4,28,0,,0,93,651,180,1,53,20,,,25.0305,
2026-08-29 18:00:41.733,2026-08-29 18:00:43.963,2026-08-29 18:00:46.103,,,,2.14049,0.473,2000,11.5,2.23103,1,0,13350,6360,13890,14245,31231,2,25,2,,0,20,42,180,5,53,16,,,9.84082,
2026-08-29 18:01:21.107,2026-08-29 18:01:28.513,2026-08-29 18:01:37.693,,,,8.02626,3.328,109,24.6642,7.40628,1,0,4570,6280,13890,14245,715,4,28,0,,0,81,566,180,3,53,20,,,24.6307,
2026-08-29 18:03:32.493,2026-08-29 18:04:03.200,2026-08-29 18:04:11.280,,,,7.95316,4.195,109,26.6134,30.7081,1,0,4570,6280,13890,14245,715,4,28,0,,0,102,713,180,4,53,20,,,26.0506,
2026-08-30 08:21:00.387,2026-08-30 08:21:28.597,2026-08-30 08:21:37.580,,,,8.59397,3.625,109,26.1721,28.2087,1,0,4570,6280,13890,14245,715,4,28,0,,0,88,616,180,3,53,20,,,26.3234,
2026-08-30 08:58:47.707,2026-08-30 08:58:56.003,2026-08-30 08:59:06.237,,,,10.0628,5.854,2207,28.5214,8.31232,1,0,4570,6280,13890,14245,435,4,28,0,,0,287,885,124,7,53,18,,,28.493,
2026-08-30 10:18:47.630,2026-08-30 10:18:57.083,2026-08-30 10:19:09.807,,,,12.2572,10.160,2211,16.02,9.45324,1,0,6680,6280,13890,7600,7840,5,129,0,,0,260,1105,124,2,53,28,,,15.2426,
2026-08-30 10:18:59.803,2026-08-30 10:19:17.433,2026-08-30 10:19:24.713,,,,7.01565,11.593,2202,15.5559,17.6293,1,0,6680,6280,13890,7600,7870,5,129,0,,0,284,1522,124,3,53,28,,,15.1269,
2026-08-30 10:20:34.473,2026-08-30 10:20:49.633,2026-08-30 10:21:00.613,,,,9.70029,17.088,2206,14.0758,15.1576,1,0,6680,6280,13890,7600,7830,5,129,0,,0,1327,2029,124,1,53,28,,,13.6276,
2026-08-30 10:21:30.520,2026-08-30 10:21:46.600,2026-08-30 10:21:52.367,,,,5.35962,5.772,2201,18.4696,16.0786,1,0,6680,6280,13890,7600,7870,5,129,0,,0,127,722,124,3,53,28,,,16.066,
2026-08-30 10:22:47.963,2026-08-30 10:22:57.900,2026-08-30 10:23:04.623,,,,6.34759,5.950,2201,15.9668,9.93784,1,0,6680,6280,13890,7600,7870,5,129,0,,0,141,744,124,3,53,28,,,14.0592,
2026-08-30 10:22:54.243,2026-08-30 10:23:10.577,2026-08-30 10:23:16.060,,,,4.98448,4.996,2204,16.7789,16.3322,1,0,6680,6280,13890,7600,7820,5,129,0,,0,125,531,124,4,53,28,,,17.5002,
2026-08-30 10:24:02.467,2026-08-30 10:24:18.530,2026-08-30 10:24:26.733,,,,8.15672,14.843,2202,15.6839,16.0943,1,0,6680,6280,13890,7600,7820,5,129,0,,0,712,1948,124,4,53,28,,,15.2182,
2026-08-30 10:25:16.557,2026-08-30 10:25:25.740,2026-08-30 10:25:30.973,,,,4.59355,4.938,2207,16.3733,9.18229,1,0,6680,6280,13890,7600,7870,5,129,0,,0,187,747,124,3,53,28,,,15.9492,
2026-08-30 10:25:33.363,2026-08-30 10:25:43.003,2026-08-30 10:25:49.503,,,,6.4855,5.227,2207,20.3544,9.64011,1,0,6680,6280,13890,7600,7840,5,129,0,,0,198,791,124,2,53,28,,,20.0292,
2026-08-30 10:26:08.567,2026-08-30 10:26:20.833,2026-08-30 10:26:48.083,,,,26.5479,29.229,2203,15.5966,12.266,1,0,6680,6280,13890,7600,7820,5,129,0,,0,2433,4019,124,4,53,28,,,15.3093,
2026-08-30 10:27:27.513,2026-08-30 10:27:38.840,2026-08-30 10:27:58.887,,,,19.9201,14.721,43,15.2912,11.2661,1,0,6680,6280,13890,7600,7820,5,129,0,,0,547,1748,124,4,53,28,,,14.2586,
2026-08-30 10:27:47.140,2026-08-30 10:28:05.310,2026-08-30 10:28:10.013,,,,4.18864,4.757,2204,15.9507,18.1706,1,0,6680,6280,13890,7600,7840,5,129,0,,0,110,505,124,2,53,28,,,15.7404,
2026-08-30 10:28:06.660,2026-08-30 10:28:22.967,2026-08-30 10:28:28.450,,,,5.35992,5.492,42,16.7507,16.3067,1,0,6680,6280,13890,7600,7830,5,129,0,,0,84,618,124,1,53,28,,,16.3096,
2026-08-30 10:28:13.933,2026-08-30 10:28:35.013,2026-08-30 10:28:52.310,,,,17.1567,16.546,2212,15.352,21.079,1,0,6680,6280,13890,7600,7870,5,129,0,,0,1278,1861,124,3,53,28,,,14.9647,
2026-08-30 10:29:40.380,2026-08-30 10:29:56.690,2026-08-30 10:30:03.203,,,,6.13546,10.619,2208,15.8842,16.3129,1,0,6680,6280,13890,7600,7820,5,129,0,,0,385,1327,124,4,53,28,,,14.1508,
2026-08-30 10:29:58.473,2026-08-30 10:30:10.467,2026-08-30 10:30:22.670,,,,11.8127,10.309,43,17.1281,11.9948,1,0,6680,6280,13890,7600,7870,5,129,0,,0,214,1224,124,3,53,28,,,16.8494,
2026-08-30 10:30:52.680,2026-08-30 10:31:05.047,2026-08-30 10:31:59.647,,,,54.4144,27.724,44,17.2935,12.3656,1,0,6680,6280,13890,7600,7840,5,129,0,,0,1515,3289,124,2,53,28,,,15.0281,
2026-08-30 10:32:26.637,2026-08-30 10:32:37.450,2026-08-30 10:32:42.920,,,,4.18972,5.808,42,13.5198,10.8131,1,0,6680,6280,13890,7600,7830,5,129,0,,0,89,653,124,1,53,28,,,12.9637,
2026-08-30 10:32:32.827,2026-08-30 10:33:04.513,2026-08-30 10:33:09.707,,,,5.21098,5.970,2201,15.7447,31.6862,1,0,6680,6280,13890,7600,7820,5,129,0,,0,131,746,124,4,53,28,,,13.8112,
2026-08-30 10:32:34.827,2026-08-30 10:32:49.200,2026-08-30 10:33:33.543,,,,27.3421,24.114,2212,15.0985,14.3755,1,0,6680,6280,13890,7600,7840,5,129,0,,0,1873,2713,124,2,53,28,,,13.6773,
2026-08-30 10:32:54.687,2026-08-30 10:33:40.733,2026-08-30 10:34:40.020,,,,58.9147,34.402,2209,21.2361,46.0623,1,0,6680,6280,13890,7600,7870,5,129,0,,0,3971,4644,124,3,53,28,,,15.9545,
2026-08-30 10:37:16.523,2026-08-30 10:37:27.603,2026-08-30 10:37:34.477,,,,5.5784,10.967,2208,13.6033,11.0792,1,0,6680,6280,13890,7600,7820,5,129,0,,0,411,1371,124,4,53,28,,,15.0928,
2026-08-30 10:39:40.307,2026-08-30 10:39:52.183,2026-08-30 10:40:39.467,,,,46.1439,35.299,2206,13.5465,11.8755,1,0,6680,6280,13890,7600,7870,5,129,0,,0,3259,4192,124,3,53,28,,,13.1634,
2026-08-30 10:39:55.307,2026-08-30 10:40:34.013,,2026-08-30 10:40:43.670,,,0,4.594,42,14.6736,38.7064,0,0,6680,6280,13890,7600,7840,5,129,0,,0,,,124,2,53,28,,low,15.988,15.1736
2026-08-30 10:43:28.510,2026-08-30 10:43:33.713,2026-08-30 10:43:39.057,,,,4.95299,5.586,2204,15.6918,5.20332,1,0,6680,6280,13890,7600,7870,5,129,0,,0,129,594,124,3,53,28,,,15.4688,
2026-08-30 10:47:03.267,2026-08-30 10:47:10.720,2026-08-30 10:47:16.390,,,,4.57831,5.297,2201,12.6639,7.45331,1,0,6680,6280,13890,7600,7830,5,129,0,,0,116,662,124,1,53,28,,,12.3844,
2026-08-30 18:26:16.493,2026-08-30 18:26:51.100,2026-08-30 18:40:44.890,,,,832.445,147.635,5309,38.3658,34.6081,1,0,31038,31062,32035,32133,30568,17,176,0,106,0,24585,44949,255,4,53,40,,,35.9889,
2026-08-30 18:47:55.463,2026-08-30 18:48:09.170,2026-08-30 18:48:43.297,,,,32.6915,45.970,5308,27.2828,13.7039,1,0,31038,31062,32035,32133,30568,17,176,0,106,0,4233,13914,255,4,53,40,,,34.2164,
2026-08-30 19:03:32.213,2026-08-30 19:03:39.637,2026-08-30 19:03:56.293,,,,16.5475,25.226,5270,33.3237,7.42214,1,0,31038,31062,32035,32133,30568,17,176,0,106,0,1650,5330,255,4,53,40,,,32.9415,
2026-08-30 19:08:14.773,2026-08-30 19:08:22.773,2026-08-30 19:08:47.337,,,,24.2389,29.727,5270,32.3366,8.00061,1,0,31038,31062,32035,32133,30568,17,176,0,106,0,3056,6280,255,4,53,40,,,31.4626,
2026-08-30 19:11:02.637,2026-08-30 19:11:26.220,2026-08-30 19:12:53.997,,,,86.2295,61.731,5271,34.4998,23.5835,1,0,31038,31062,32035,32133,14310,21,176,0,106,0,8882,18384,255,4,53,40,,,34.3143,
2026-08-30 19:26:42.890,2026-08-30 19:27:08.417,2026-08-30 19:27:33.940,,,,25.5057,28.448,5270,34.5131,25.544,1,0,31038,31062,32035,32133,14310,21,176,0,106,0,2688,6010,255,4,53,40,,,32.2477,
2026-08-30 19:29:43.903,2026-08-30 19:30:05.733,2026-08-30 19:30:24.447,,,,18.653,19.259,5299,33.5385,21.8292,1,0,31038,31062,32035,32133,14310,21,176,0,106,0,1526,7131,255,4,53,40,,,34.3946,
2026-08-30 19:46:43.863,2026-08-30 19:46:50.567,2026-08-30 20:06:00.373,,,,1148.18,292.531,5281,305.096,6.7034,1,0,31038,31062,32035,32133,30568,17,176,0,106,0,30702,87771,255,4,53,40,,,304.89,
2026-08-31 12:07:31.473,2026-08-31 12:08:02.187,2026-08-31 12:08:43.533,,,,39.9224,43.096,5271,31.7636,30.7119,1,0,31038,31064,32035,32133,14310,21,176,0,106,0,7115,12836,255,2,53,32,,,30.5449,
2026-08-31 12:10:54.440,2026-08-31 12:11:30.103,2026-08-31 12:11:45.650,,,,15.4695,22.470,5270,33.605,35.6623,1,0,31038,31064,32035,32133,14310,21,176,0,106,0,1736,4748,255,2,53,32,,,34.8321,
2026-08-31 12:13:15.790,2026-08-31 12:13:44.620,,2026-08-31 12:14:43.470,,,34.9108,76.125,5271,33.8936,28.8286,1,0,31038,31064,32035,32133,14310,21,176,0,106,0,,,255,2,53,32,,low,30.3142,32.106
2026-08-31 12:13:44.043,2026-08-31 12:14:20.407,2026-08-31 12:20:27.837,,,,365.979,162.211,5272,38.3694,36.3635,1,0,31035,31071,31926,32133,14310,21,176,0,106,0,53592,48309,255,1,53,32,,,30.1397,
2026-08-31 12:39:41.900,2026-08-31 12:40:13.310,2026-08-31 12:40:39.953,,,,26.5171,29.774,5270,34.0933,31.4114,1,0,31038,31064,32035,32133,14310,21,176,0,106,0,3665,6291,255,2,54,32,,,35.8806,
2026-08-31 12:40:36.617,2026-08-31 12:41:00.753,2026-08-31 12:41:56.550,,,,54.3931,61.825,5271,34.3246,24.1365,1,0,31035,31071,31926,32133,14310,21,176,0,106,0,10205,18412,255,1,54,32,,,31.9416,
2026-08-31 12:43:41.610,2026-08-31 12:44:06.743,2026-08-31 12:45:04.080,,,,55.8058,55.709,5271,34.6774,25.1332,1,0,31038,31064,32035,32133,14310,21,176,0,106,0,9210,16592,255,2,54,32,,,28.6571,
2026-08-31 12:45:54.143,2026-08-31 12:46:05.053,2026-08-31 12:46:31.070,,,,25.8134,27.824,5270,30.5551,10.9086,1,0,31038,31064,32035,32133,14310,21,176,0,106,0,3017,5878,255,2,54,32,,,28.7836,
2026-08-31 12:52:28.677,2026-08-31 12:52:36.307,2026-08-31 12:52:54.817,,,,18.3234,22.516,5270,28.8409,7.63098,1,0,31038,31064,32035,32133,14310,21,176,0,106,0,1739,4756,255,2,54,32,,,28.4974,
2026-08-31 12:54:59.117,2026-08-31 12:55:26.117,2026-08-31 12:55:41.633,,,,15.1101,33.619,5271,29.1545,27.001,1,0,31035,31071,31926,32133,14310,21,176,0,106,0,3293,10012,255,1,54,32,,,29.0131,
2026-08-31 12:58:20.323,2026-08-31 12:58:34.933,2026-08-31 12:58:55.683,,,,20.6261,25.976,5270,31.2819,14.6095,1,0,31038,31064,32035,32133,14310,21,176,0,106,0,2370,5488,255,2,54,32,,,28.4856,
2026-08-31 12:59:03.063,2026-08-31 12:59:31.940,2026-08-31 13:00:53.580,,,,80.3124,66.466,5271,32.9125,28.8762,1,0,31035,31071,31926,32133,14310,21,176,0,106,0,10979,19796,255,1,54,32,,,29.1914,
2026-08-31 13:03:32.953,2026-08-31 13:03:56.270,2026-08-31 13:04:11.733,,,,15.2776,16.889,5299,31.7947,23.3144,1,0,31035,31071,31926,32133,14310,21,176,0,106,0,1874,6254,255,1,54,32,,,29.0697,
2026-08-31 13:04:01.860,2026-08-31 13:04:36.943,2026-08-31 13:05:07.290,,,,30.1503,26.932,5270,32.3082,35.0855,1,0,31038,31064,32035,32133,14310,21,176,0,106,0,2697,5690,255,2,54,32,,,28.0857,
2026-08-31 13:04:50.173,2026-08-31 13:05:12.917,2026-08-31 13:05:41.527,,,,28.2984,29.990,5270,33.719,22.7445,1,0,31035,31071,31926,32133,14310,21,176,0,106,0,2487,6336,255,1,54,32,,,28.2152,
2026-08-31 13:06:24.720,2026-08-31 13:06:31.800,2026-08-31 13:06:46.550,,,,14.6099,18.651,5270,28.4647,7.07821,1,0,31035,31071,31926,32133,14310,21,176,0,106,0,1440,3940,255,1,54,32,,,27.959,
2026-08-31 13:32:39.030,2026-08-31 13:32:44.700,2026-08-31 13:32:57.510,,,,12.6372,23.462,5308,32.7641,5.67208,1,0,31038,31064,32035,32133,30568,17,176,0,106,0,1515,7101,255,2,54,32,,,34.9422,
2026-08-31 14:41:39.557,2026-08-31 14:42:02.790,2026-08-31 14:43:56.263,,,,106.539,72.548,5271,35.6595,23.2352,1,0,31035,31071,31926,32133,14310,21,176,0,106,0,12245,21606,255,1,54,32,,,36.4466,
2026-08-31 14:43:04.277,2026-08-31 14:43:40.370,2026-08-31 14:44:31.613,,,,35.2043,27.274,5270,36.8535,36.0949,1,0,31038,31064,32035,32133,14310,21,176,0,106,0,2819,5763,255,2,54,32,,,33.795,
2026-08-31 14:58:37.287,2026-08-31 14:58:45.363,2026-08-31 15:06:05.123,,,,438.277,151.442,5280,303.013,8.0757,1,0,31035,31071,31926,32133,30568,17,176,0,106,0,18638,52281,255,1,54,32,,,306.118,
2026-08-31 15:25:13.723,2026-08-31 15:25:25.177,2026-08-31 15:31:24.767,,,,312.026,55.369,5271,304.359,11.4536,1,0,31035,31071,31926,32133,30568,17,176,0,106,0,11121,19787,255,1,54,32,,,313.438,
2026-08-31 15:29:23.570,2026-08-31 15:29:34.727,2026-08-31 15:34:25.397,,,,216.208,96.797,5316,160.651,11.1412,1,0,31038,31064,32035,32133,30566,17,176,0,106,0,10545,34852,255,2,54,32,,,159.539,
2026-08-31 15:42:32.763,2026-08-31 15:42:40.747,2026-08-31 15:43:08.593,,,,27.659,35.146,5308,28.8034,7.98445,1,0,31038,31064,32035,32133,30567,17,176,0,106,0,4541,12766,255,2,54,32,,,32.9497,
2026-08-31 15:44:56.853,2026-08-31 15:45:03.727,2026-08-31 15:45:37.417,,,,33.4376,42.046,5308,34.3882,6.89046,1,0,31035,31071,31926,32133,30568,17,176,0,106,0,5403,15273,255,1,54,32,,,32.8825,
2026-08-31 15:46:19.590,2026-08-31 15:46:39.203,,,,,,123.236,5309,24.5922,19.6139,1,0,31035,31071,31926,32133,30568,17,176,0,106,0,,,255,1,54,32,,,33.9871,
2026-08-31 17:23:36.170,2026-08-31 17:23:42.843,2026-08-31 17:26:14.820,,,,151.804,22.084,5270,312.103,6.67199,1,0,31035,31071,31926,32133,30568,17,176,0,106,0,2340,5600,255,1,54,32,,,315.059,
2026-08-31 17:33:04.530,2026-08-31 17:33:25.077,2026-08-31 17:33:38.530,,,,13.438,24.765,5270,36.4498,20.5473,1,0,31035,31071,31926,32133,14310,21,176,0,106,0,2540,6278,255,1,54,32,,,33.8691,
2026-08-31 17:34:32.210,2026-08-31 17:34:36.570,2026-08-31 17:35:03.507,,,,25.4365,63.862,5271,33.6902,4.35959,1,0,31038,31064,32035,32133,14310,21,176,0,106,0,13086,22824,255,2,54,32,,,34.0714,
2026-08-31 17:34:48.430,2026-08-31 17:35:11.990,2026-08-31 17:45:05.080,,,,591.715,173.869,5272,35.8611,23.5616,1,0,31035,31071,31926,32133,14310,21,176,0,106,0,66248,62138,255,1,54,32,,,31.8492,
2026-08-31 17:45:44.370,2026-08-31 17:45:55.313,2026-08-31 17:46:15.500,,,,20.0479,24.202,5270,38.3967,10.9444,1,0,31035,31071,31926,32133,14310,21,176,0,106,0,2484,6136,255,1,55,32,,,33.0399,
2026-08-31 17:47:25.160,2026-08-31 17:47:30.787,2026-08-31 17:47:47.383,,,,16.4409,45.967,5271,31.8542,5.62521,1,0,31038,31064,32035,32133,14310,21,176,0,106,0,9042,16429,255,2,55,32,,,33.2345,
2026-08-31 17:48:15.583,2026-08-31 17:48:42.293,2026-08-31 17:50:22.237,,,,88.7549,74.026,5271,37.4068,26.7116,1,0,31035,31071,31926,32133,14310,21,176,0,106,0,14943,26456,255,1,55,32,,,34.2652,
2026-08-31 17:51:57.793,2026-08-31 17:52:21.730,2026-08-31 17:52:39.933,,,,18.1103,19.300,5270,33.8155,23.9537,1,0,31035,31071,31926,32133,14310,21,176,0,106,0,1982,4892,255,1,55,32,,,31.3615,
2026-08-31 17:53:39.793,2026-08-31 17:54:05.827,2026-08-31 17:54:25.060,,,,19.2034,24.084,5270,33.372,26.0476,1,0,31035,31071,31926,32133,14310,21,176,0,106,0,2471,6106,255,1,55,32,,,33.5005,
2026-08-31 17:54:36.153,2026-08-31 17:54:56.810,2026-08-31 17:55:06.750,,,,9.70258,4.954,5296,23.9513,20.656,1,0,31038,31064,32035,32133,14310,21,176,0,106,0,1011,3625,255,2,55,32,,,30.8219,
2026-08-31 17:56:23.100,2026-08-31 17:56:38.413,2026-08-31 17:56:58.063,,,,19.6331,19.266,5298,29.5808,15.3132,1,0,31038,31064,32035,32133,14310,21,176,0,106,0,15725,14240,255,2,55,32,,,31.8621,
2026-08-31 17:57:28.783,2026-08-31 17:57:49.613,2026-08-31 17:58:03.440,,,,13.8134,27.101,5270,18.7309,20.8288,1,0,31038,31064,32035,32133,14310,21,176,0,106,0,3447,6871,255,2,55,32,,,31.9794,
2026-08-31 17:57:55.207,2026-08-31 17:58:17.363,,2026-08-31 17:58:26.473,,,4.45334,17.986,5270,36.0304,22.1569,1,0,31035,31071,31926,32133,14310,21,176,0,106,0,,,255,1,55,32,,low,33.0991,34.1004
2026-08-31 18:29:42.230,2026-08-31 18:29:47.277,2026-08-31 18:31:54.977,,,,126.249,92.041,5309,46.9327,5.0469,1,0,31038,31064,32035,32133,30568,17,176,0,106,0,17355,33628,255,2,55,32,,,48.9483,
2026-08-31 18:34:16.993,2026-08-31 18:34:23.777,2026-08-31 18:34:42.577,,,,18.6282,13.287,5249,44.7491,6.76586,1,0,31038,31064,32035,32133,30568,17,176,0,106,0,2321,9162,255,2,55,32,,,48.6824,
2026-08-31 18:51:46.940,2026-08-31 18:52:01.397,2026-08-31 18:52:17.767,,,,16.2285,24.286,5270,23.8186,14.4574,1,0,31035,31071,31926,32133,32454,21,176,0,106,0,2573,6158,255,1,55,32,,,32.8186,
2026-08-31 18:52:13.643,2026-08-31 18:52:22.673,2026-08-31 18:53:39.990,,,,76.9398,58.694,5271,23.8199,9.03104,1,0,31038,31064,32035,32133,32454,21,176,0,106,0,11912,20975,255,2,55,32,,,29.5125,
2026-08-31 18:55:21.753,2026-08-31 18:55:25.297,2026-08-31 18:55:39.247,,,,13.9192,14.698,5299,23.6365,3.54365,1,0,31035,31071,31926,32133,32454,21,176,0,106,0,2240,6530,255,1,56,32,,,23.4377,
2026-08-31 18:57:06.587,2026-08-31 18:57:36.120,2026-08-31 18:57:54.133,,,,17.9195,28.561,5270,31.4053,29.5921,1,0,31035,31071,31926,32133,32454,21,176,0,106,0,3033,7241,255,1,56,32,,,28.1567,
2026-08-31 19:00:07.803,2026-08-31 19:00:23.837,2026-08-31 19:09:41.713,,,,556.066,151.859,5272,27.6966,16.0784,1,0,31035,31071,31926,32133,32454,17,176,0,106,0,57300,54272,255,1,56,32,,,27.7187,
2026-08-31 19:35:14.023,2026-08-31 19:35:28.940,2026-08-31 19:35:34.227,,,,4.86288,5.787,2204,16.1005,14.9197,1,0,6680,6280,13890,7600,7830,5,129,0,,0,200,922,124,5,56,32,,,16.1498,
2026-08-31 19:36:55.003,2026-08-31 19:37:11.117,2026-08-31 19:37:17.350,,,,6.15613,14.715,2205,15.5907,16.1139,1,0,6680,6280,13890,7600,7820,5,129,0,,0,1239,2482,124,6,56,32,,,16.0715,
2026-08-31 19:37:32.383,2026-08-31 19:37:45.007,2026-08-31 19:37:52.743,,,,7.57959,16.066,2212,16.0469,12.6086,1,0,6680,6280,13890,7600,7870,5,129,0,,0,1826,2710,124,4,56,32,,,15.7581,
2026-08-31 19:38:00.247,2026-08-31 19:38:18.270,2026-08-31 19:38:23.870,,,,5.4393,10.096,43,14.0249,18.0239,1,0,6680,6280,13890,7600,7820,5,129,0,,0,299,1798,124,6,56,32,,,16.1868,
2026-08-31 19:38:51.587,2026-08-31 19:39:15.577,2026-08-31 19:39:28.637,,,,12.8502,15.633,2202,15.9289,23.9484,1,0,6680,6280,13890,7600,7840,5,129,0,,0,1130,3078,124,3,56,32,,,15.2415,
2026-08-31 19:39:07.253,2026-08-31 19:39:35.070,2026-08-31 19:39:42.883,,,,7.68507,5.725,2207,19.5049,27.8147,1,0,6680,6280,13890,7600,7830,5,129,0,,0,302,1299,124,5,56,32,,,19.1324,
2026-08-31 19:40:26.043,2026-08-31 19:40:41.710,2026-08-31 19:40:54.273,,,,12.1552,17.296,2209,16.204,15.6841,1,0,6680,6280,13890,7600,7830,5,129,0,,0,2430,3502,124,5,56,32,,,15.8364,
2026-08-31 19:43:07.557,2026-08-31 19:43:19.557,2026-08-31 19:43:25.757,,,,6.17555,16.793,2202,13.3096,11.9634,1,0,6680,6280,13890,7600,7840,5,129,0,,0,1221,3306,124,3,56,32,,,12.9338,
2026-08-31 19:43:32.693,2026-08-31 19:43:56.663,2026-08-31 19:44:09.553,,,,12.5594,21.413,2206,15.3976,23.9698,1,0,6680,6280,13890,7600,7820,5,129,0,,0,2495,3814,124,6,56,32,,,14.8113,
2026-08-31 19:43:45.723,2026-08-31 19:44:15.260,2026-08-31 19:44:28.603,,,,13.0185,15.827,2202,15.8673,29.5342,1,0,6680,6280,13890,7600,7840,5,129,0,,0,1149,3116,124,3,56,32,,,14.8987,
2026-08-31 19:44:31.130,2026-08-31 19:44:49.377,2026-08-31 19:45:16.040,,,,26.6492,21.324,44,20.4813,18.2452,1,0,6680,6280,13890,7600,7830,5,129,0,,0,1560,3795,124,5,56,32,,,19.5002,
2026-08-31 19:45:04.760,2026-08-31 19:45:23.210,2026-08-31 19:45:47.367,,,,23.9373,32.921,2209,15.4333,18.4491,1,0,6680,6280,13890,7600,7870,5,129,0,,0,5535,6666,124,4,56,32,,,14.7514,
2026-08-31 19:46:39.097,2026-08-31 19:47:02.787,2026-08-31 19:47:19.710,,,,16.8769,23.868,2212,13.7612,23.6876,1,0,6680,6280,13890,7600,7830,5,129,0,,0,2780,4028,124,5,56,32,,,13.3941,
2026-08-31 19:47:19.007,2026-08-31 19:47:35.803,2026-08-31 19:47:41.117,,,,4.62451,5.550,2201,13.3534,16.7971,1,0,6680,6280,13890,7600,7840,5,129,0,,0,183,1041,124,3,56,32,,,13.0179,
2026-08-31 19:48:12.330,2026-08-31 19:48:31.893,2026-08-31 19:48:44.937,,,,12.9181,14.102,43,13.9008,19.5625,1,0,6680,6280,13890,7600,7830,5,129,0,,0,786,2512,124,5,56,32,,,12.6031,
2026-08-31 19:49:44.970,2026-08-31 19:49:58.830,2026-08-31 19:50:19.987,,,,20.9521,35.736,2206,15.4105,13.8598,1,0,6680,6280,13890,7600,7880,5,129,0,,0,5163,6366,124,5,56,32,,,12.6483,
2026-08-31 19:51:46.133,2026-08-31 19:51:53.120,2026-08-31 19:51:59.360,,,,5.10224,5.737,2201,15.8841,6.98498,1,0,6680,6280,13890,7600,7880,5,129,0,,0,189,1076,124,5,56,32,,,15.5207,
2026-08-31 19:51:56.273,2026-08-31 19:52:11.527,2026-08-31 19:52:16.653,,,,4.87233,3.684,42,16.2465,15.2539,1,0,6680,6280,13890,7600,7820,5,129,0,,0,86,621,124,6,56,32,,,16.1453,
2026-08-31 19:55:06.943,2026-08-31 19:55:29.193,2026-08-31 19:56:20.787,,,,50.4608,33.105,2203,15.3744,22.2492,1,0,6680,6280,13890,7600,7880,5,129,0,,0,4349,6828,124,5,56,32,,,14.1108,
2026-08-31 19:56:09.673,2026-08-31 19:56:45.660,2026-08-31 19:56:51.457,,,,5.6277,5.471,42,12.9326,35.9846,1,0,6680,6280,13890,7600,7840,5,129,0,,0,126,922,124,3,56,32,,,14.7251,
2026-08-31 19:58:29.753,2026-08-31 19:58:45.973,2026-08-31 19:58:50.050,,,,3.85897,4.621,2207,13.4975,16.2193,1,0,6680,6280,13890,7600,7880,5,129,0,,0,243,1048,124,5,56,32,,,11.6481,
2026-09-01 08:52:17.343,2026-09-01 08:52:33.703,2026-09-01 08:52:47.123,,,,13.0316,15.344,2205,12.3326,16.3592,1,0,6680,6280,13890,7600,7880,5,129,0,,0,1355,2589,124,5,56,32,,,10.3287,
2026-09-01 08:52:50.127,2026-09-01 08:52:59.817,2026-09-01 08:53:29.897,,,,29.7818,28.264,2206,11.5356,9.70741,1,0,6680,6280,13890,7600,7880,5,129,0,,0,3399,5034,124,3,56,32,,,10.8764,
2026-09-01 08:54:02.607,2026-09-01 08:54:15.717,2026-09-01 08:54:25.093,,,,8.40711,14.062,2202,12.6676,13.1098,1,0,6680,6280,13890,7600,7880,5,129,0,,0,881,2769,124,3,56,32,,,12.7592,
2026-09-01 08:54:15.310,2026-09-01 08:54:36.703,2026-09-01 08:54:42.017,,,,5.15662,5.860,42,12.5747,21.3916,1,0,6680,6280,13890,7600,7880,5,129,0,,0,135,988,124,4,56,32,,,10.9461,
2026-09-01 08:55:15.717,2026-09-01 08:55:22.170,2026-09-01 08:55:27.437,,,,5.06272,5.585,2207,14.4517,6.45353,1,0,6680,6280,13890,7600,7880,5,129,0,,0,294,1268,124,6,56,32,,,14.2084,
2026-09-01 08:55:50.890,2026-09-01 08:55:58.773,2026-09-01 08:56:11.867,,,,12.4366,12.092,2208,12.8085,7.88287,1,0,6680,6280,13890,7600,7880,5,129,0,,0,911,2268,124,3,56,32,,,13.5578,
2026-09-01 08:56:04.583,2026-09-01 08:56:18.340,2026-09-01 08:56:34.193,,,,15.2969,27.195,2212,10.9306,13.7567,1,0,6680,6280,13890,7600,7880,5,129,0,,0,3222,4588,124,6,56,32,,,10.3906,
2026-09-01 08:57:44.117,2026-09-01 08:57:51.603,2026-09-01 08:58:10.180,,,,18.4224,13.153,43,13.6953,7.48447,1,0,6680,6280,13890,7600,7880,5,129,0,,0,728,2343,124,3,56,32,,,13.6736,
2026-09-01 08:57:56.853,2026-09-01 08:58:17.260,2026-09-01 08:58:36.540,,,,18.7038,25.230,2209,18.1146,20.4057,1,0,6680,6280,13890,7600,7880,5,129,0,,0,3594,5109,124,5,56,32,,,15.2872,
2026-09-01 08:58:15.430,2026-09-01 08:58:42.887,2026-09-01 08:59:01.340,,,,18.4548,23.508,44,15.049,27.4543,1,0,6680,6280,13890,7600,7880,5,129,0,,0,1749,4184,124,4,56,32,,,14.2462,
2026-09-01 09:03:26.380,2026-09-01 09:03:33.637,2026-09-01 09:03:48.230,,,,13.7879,5.645,42,14.4002,7.25645,1,0,6680,6280,13890,7600,7880,5,129,0,,0,131,952,124,4,56,32,,,14.0264,
2026-09-01 09:04:25.223,2026-09-01 09:04:34.147,2026-09-01 09:04:39.507,,,,4.40621,4.450,2201,14.373,8.92226,1,0,6680,6280,13890,7600,7880,5,129,0,,0,147,834,124,3,56,32,,,13.9662,
2026-09-01 09:08:16.363,2026-09-01 09:08:30.800,2026-09-01 09:08:41.693,,,,9.90635,17.539,2202,14.9731,14.4378,1,0,6680,6280,13890,7600,7880,5,129,0,,0,1275,3453,124,3,56,32,,,14.5581,
2026-09-01 09:08:58.010,2026-09-01 09:09:06.777,2026-09-01 09:09:34.230,,,,26.3916,22.481,2206,12.4466,8.76628,1,0,6680,6280,13890,7600,7880,5,129,0,,0,2619,4005,124,6,56,32,,,12.3924,
2026-09-01 09:09:09.637,2026-09-01 09:09:50.217,2026-09-01 09:09:57.693,,,,7.25949,14.261,2208,16.0315,40.5797,1,0,6680,6280,13890,7600,7880,5,129,0,,0,1523,2674,124,5,56,32,,,13.2031,
2026-09-01 09:09:21.060,2026-09-01 09:09:40.840,2026-09-01 09:10:14.567,,,,19.3232,21.866,2203,14.0035,19.783,1,0,6680,6280,13890,7600,7880,5,129,0,,0,2436,4510,124,4,56,32,,,13.337,
2026-09-01 09:11:17.827,2026-09-01 09:11:27.630,2026-09-01 09:11:32.887,,,,5.16217,5.858,2204,16.2255,9.80622,1,0,6680,6280,13890,7600,7880,5,129,0,,0,203,933,124,5,56,32,,,15.3018,
2026-09-01 09:14:34.190,2026-09-01 09:14:50.580,,2026-09-01 09:14:58.713,,,7.60112,21.662,44,10.9832,16.3908,1,0,6680,6280,13890,7600,7880,5,129,0,,0,,,124,5,56,32,,low,10.9804,28.5727
2026-09-01 09:18:53.117,2026-09-01 09:19:12.567,2026-09-01 09:19:23.630,,,,10.7811,20.639,2209,14.9627,19.4485,1,0,6680,6280,13890,7600,7880,5,129,0,,0,2900,4179,124,4,56,32,,,14.6666,
2026-09-01 09:19:07.830,2026-09-01 09:19:30.347,2026-09-01 09:19:36.207,,,,5.1877,13.133,43,10.0772,22.5165,1,0,6680,6280,13890,7600,7880,5,129,0,,0,726,2340,124,5,56,32,,,11.0392,
2026-09-01 09:21:51.413,2026-09-01 09:22:12.843,2026-09-01 09:22:27.797,,,,14.5164,13.855,2211,10.8734,21.4278,1,0,6680,6280,13890,7600,7880,5,129,0,,0,980,2260,124,3,56,32,,,10.0865,
2026-09-01 09:25:02.123,2026-09-01 09:25:10.030,2026-09-01 09:25:15.343,,,,4.31306,5.665,2201,11.8983,7.9057,1,0,6680,6280,13890,7600,7880,5,129,0,,0,186,1062,124,6,56,32,,,11.1719,
2026-09-01 09:25:07.547,2026-09-01 09:25:22.953,2026-09-01 09:25:36.687,,,,13.6562,12.952,43,17.1518,15.4076,1,0,6680,6280,13890,7600,7880,5,129,0,,0,710,2307,124,5,56,32,,,15.5897,
2026-09-01 09:26:05.217,2026-09-01 09:26:20.530,2026-09-01 09:26:26.720,,,,5.85965,4.720,2201,18.0732,15.3131,1,0,6680,6280,13890,7600,7880,5,129,0,,0,156,885,124,4,56,32,,,16.1191,
2026-09-01 09:28:31.380,2026-09-01 09:28:41.287,2026-09-01 09:28:47.350,,,,5.03128,5.546,42,14.6168,9.90674,1,0,6680,6280,13890,7600,7880,5,129,0,,0,128,936,124,6,56,32,,,13.8529,
2026-09-01 09:28:56.070,2026-09-01 09:29:08.263,2026-09-01 09:29:14.560,,,,5.90589,5.467,2207,15.8189,12.1927,1,0,6680,6280,13890,7600,7880,5,129,0,,0,288,1240,124,3,56,32,,,14.7686,
2026-09-01 09:40:33.977,2026-09-01 09:40:45.070,2026-09-01 09:40:50.273,,,,5.03147,5.612,42,14.6054,11.0941,1,0,6680,6280,13890,7600,7880,5,129,0,,0,129,946,124,3,56,32,,,13.1127,
2026-09-01 09:42:10.513,2026-09-01 09:42:20.797,,2026-09-01 09:42:29.140,,,7.70339,5.936,42,15.248,10.2814,1,0,6680,6280,13890,7600,7880,5,129,0,,0,,,124,6,56,32,,low,13.9558,4.82485
2026-09-01 09:42:13.247,2026-09-01 09:42:34.233,2026-09-01 09:43:17.607,,,,43.0001,27.527,2212,16.299,20.9849,1,0,6680,6280,13890,7600,7880,5,129,0,,0,3341,4646,124,3,56,32,,,15.3918,
2026-09-01 09:43:41.590,2026-09-01 09:43:59.670,2026-09-01 09:44:02.047,,,,2.25088,3.674,42,13.2506,18.0823,1,0,6680,6280,13890,7600,7880,5,129,0,,0,86,620,124,4,56,32,,,15.5853,
2026-09-01 11:59:41.570,2026-09-01 11:59:46.993,2026-09-01 11:59:57.860,,,,10.846,1.132,2200,29.4213,5.42271,1,0,4570,15200,13950,14640,435,4,28,0,,0,51,234,124,2,56,18,,,29.5899,
2026-09-01 12:03:05.537,2026-09-01 12:03:11.767,2026-09-01 12:03:23.047,,,,11.0764,1.599,2100,30.8141,6.28155,1,0,4570,15200,13950,14640,434,4,28,0,,0,26,182,124,2,56,18,,,30.8437,
2026-09-01 12:17:58.100,2026-09-01 12:18:07.063,2026-09-01 12:18:17.607,,,,10.2275,0.287,2000,28.8369,8.94913,1,0,4570,15200,13950,14640,709,4,28,0,,0,15,33,124,1,56,8,,,29.0489,
2026-09-01 12:18:44.607,2026-09-01 12:18:52.010,2026-09-01 12:19:01.883,,,,9.73445,0.299,2222,28.3533,7.41855,1,0,4570,15200,13950,14640,709,4,28,0,,0,77,54,124,2,56,8,,,28.1586,
2026-09-01 12:18:53.823,2026-09-01 12:19:16.247,2026-09-01 12:19:26.200,,,,9.85961,0.784,2223,28.7835,22.424,1,0,4570,15200,13950,14640,709,4,28,0,,0,215,159,124,3,56,8,,,28.581,
2026-09-01 12:30:02.883,2026-09-01 12:30:23.157,,,,2026-09-01 12:31:02.437,0,0.908,41,28.9992,20.2739,1,0,4570,15200,13950,14640,709,4,28,0,,0,,,124,2,56,8,,,28.973,
2026-09-01 12:33:15.457,2026-09-01 12:33:21.380,2026-09-01 12:33:32.253,,,,10.7503,0.402,2603,31.6377,5.92207,1,0,4570,15200,13950,14640,709,4,28,0,,0,17,75,124,2,56,8,,,31.9427,
2026-09-01 12:37:32.347,2026-09-01 12:37:37.833,2026-09-01 12:37:48.347,,,,10.2969,0.714,41,29.7252,5.48454,1,0,4570,15200,13950,14640,709,4,28,0,,0,29,112,124,1,56,8,,,29.8889,
2026-09-01 12:37:54.660,2026-09-01 12:38:02.283,2026-09-01 12:38:11.143,,,,8.67182,0.230,2000,28.5942,7.62423,1,0,4570,15200,13950,14640,709,4,28,0,,0,12,26,124,2,56,8,,,28.5095,
2026-09-01 12:38:46.990,2026-09-01 12:38:52.523,2026-09-01 12:39:02.363,,,,9.66878,0.449,2303,31.4125,5.51842,1,0,4570,15200,13950,14640,709,4,28,0,,0,47,112,124,2,56,8,,,31.5298,
2026-09-01 12:41:03.840,2026-09-01 12:41:10.307,2026-09-01 12:41:20.073,,,,9.75046,0.197,2000,30.9816,6.46755,1,0,4570,15200,13950,14640,709,4,28,0,,0,11,22,124,3,56,8,,,30.6793,
2026-09-01 12:42:57.287,2026-09-01 12:43:07.070,2026-09-01 12:43:16.973,,,,9.54499,0.277,2222,30.1235,9.79618,1,0,4570,15200,13950,14640,709,4,28,0,,0,71,50,124,1,56,8,,,29.9437,
2026-09-01 12:43:38.270,2026-09-01 12:43:41.240,2026-09-01 12:43:51.397,,,,9.96895,0.295,2222,30.754,2.96902,1,0,4570,15200,13950,14640,709,4,28,0,,0,75,52,124,1,56,8,,,30.7553,
2026-09-01 12:44:35.707,2026-09-01 12:44:41.050,2026-09-01 12:44:50.660,,,,9.3947,0.188,2000,29.7827,5.34346,1,0,4570,15200,13950,14640,709,4,28,0,,0,11,21,124,2,56,8,,,29.7852,
2026-09-01 12:45:24.860,2026-09-01 12:45:29.973,2026-09-01 12:45:40.830,,,,10.7628,0.642,2303,31.2584,5.1123,1,0,4570,15200,13950,14640,709,4,28,0,,0,65,160,124,2,56,8,,,31.238,
2026-09-01 12:50:19.307,2026-09-01 12:50:26.650,2026-09-01 12:50:36.900,,,,10.1096,0.242,2222,32.0694,7.32806,1,0,4570,15200,13950,14640,709,4,28,0,,0,62,44,124,1,56,8,,,31.9417,
2026-09-01 12:50:27.717,2026-09-01 12:50:43.557,2026-09-01 12:50:53.483,,,,9.50313,0.388,2000,28.6662,15.8399,1,0,4570,15200,13950,14640,709,4,28,0,,0,20,44,124,3,56,8,,,28.6723,
2026-09-03 13:16:19.280,2026-09-03 13:16:22.233,2026-09-03 13:16:33.817,,,,11.4745,0.679,2303,32.7176,2.95253,1,0,4570,15200,13950,14640,709,4,28,0,,0,69,170,124,1,56,8,,,32.7193,
2026-09-03 13:16:30.140,2026-09-03 13:16:40.770,2026-09-03 13:16:50.200,,,,8.98432,0.491,2603,28.7021,10.6308,1,0,4570,15200,13950,14640,709,4,28,0,,0,20,92,124,2,56,8,,,28.3311,
2026-09-03 13:22:59.110,2026-09-03 13:23:05.923,2026-09-03 13:23:15.643,,,,9.23101,0.316,2000,28.7552,6.81268,1,0,4570,15200,13950,14640,709,4,28,0,,0,15,36,124,2,56,8,,,28.5211,
2026-09-03 13:27:07.747,2026-09-03 13:27:12.467,2026-09-03 13:27:21.827,,,,9.23969,0.576,2600,28.9489,4.73392,1,0,4570,15200,13950,14640,709,4,28,0,,0,21,87,124,2,56,8,,,29.0399,
2026-09-03 13:28:25.963,2026-09-03 13:28:29.290,2026-09-03 13:28:40.763,,,,11.4624,0.303,2000,30.3914,3.32703,1,0,4570,15200,13950,14640,709,4,28,0,,0,15,34,124,2,56,8,,,30.3915,
2026-09-03 18:26:18.893,2026-09-03 18:26:34.957,2026-09-03 18:26:41.743,,,,5.2661,44.647,5308,33.2215,16.063,1,0,31038,31064,31926,32133,14310,21,176,0,106,0,4112,13514,255,2,56,40,,,46.0688,
2026-09-03 18:29:13.413,2026-09-03 18:29:20.647,2026-09-03 18:29:27.210,,,,6.34381,41.821,5308,42.2539,7.2344,1,0,31035,31071,31926,32133,32454,17,176,0,106,0,3570,12658,255,1,56,40,,,46.4444,
2026-09-03 18:30:00.683,2026-09-03 18:30:08.663,2026-09-03 18:30:15.477,,,,5.219,159.884,5310,36.3863,7.98232,1,0,31035,31071,31926,32133,32454,17,176,0,106,0,39518,48243,255,1,56,40,,,38.0199,
2026-09-03 18:31:24.773,2026-09-03 18:31:28.867,2026-09-03 18:31:35.873,,,,5.33825,144.115,5309,30.1719,4.09476,1,0,31035,31071,31926,32133,32454,17,176,0,106,0,22659,43876,255,1,57,40,,,30.1352,
2026-09-03 18:32:47.487,2026-09-03 18:32:52.770,2026-09-03 18:32:57.973,,,,5.20038,38.526,5308,41.141,5.28419,1,0,31038,31064,31926,32133,32454,21,176,0,106,0,3414,11661,255,2,57,40,,,41.8389,
2026-09-03 18:33:44.347,2026-09-03 18:34:08.480,,2026-09-03 18:34:13.963,,,5.34243,291.047,5311,25.6653,24.1335,1,0,31038,31064,31926,32133,32454,21,176,0,106,0,,,255,2,57,40,,strong,37.0158,12.09
2026-09-03 18:39:10.250,2026-09-03 18:39:21.720,2026-09-03 18:39:26.983,,,,5.1245,34.324,5308,22.2976,11.4679,1,0,31038,31064,31926,32133,32454,21,176,0,106,0,2382,10389,255,2,57,40,,,31.4725,
2026-09-03 18:46:46.437,2026-09-03 18:46:56.467,2026-09-03 18:47:03.843,,,,5.15605,273.980,5311,29.1657,10.0326,1,0,31038,31064,31926,32133,32454,21,176,0,106,0,113738,78736,255,2,57,40,,,33.5095,
2026-09-03 18:53:05.413,2026-09-03 18:53:27.483,2026-09-03 18:53:37.353,,,,9.76222,28.585,5270,23.5089,22.0692,1,0,31035,31071,31926,32133,32454,17,176,0,106,0,1587,6039,255,1,57,40,,,34.144,
2026-09-03 18:53:51.487,2026-09-03 18:54:03.520,2026-09-03 18:54:10.240,,,,5.17103,50.133,5300,29.5232,12.0328,1,0,31038,31064,31926,32133,32454,21,176,0,106,0,12573,18700,255,2,57,40,,,35.5194,
2026-09-03 18:54:53.753,2026-09-03 18:55:02.660,2026-09-03 18:55:09.520,,,,5.22092,134.249,5272,33.3901,8.90532,1,0,31035,31071,31926,32133,32454,17,176,0,106,0,36444,39982,255,1,58,40,,,33.8551,
2026-09-03 18:57:05.137,2026-09-03 18:57:13.833,2026-09-03 18:57:19.007,,,,5.04718,26.893,5270,30.6878,8.6967,1,0,31038,31064,31926,32133,32454,21,176,0,106,0,1640,5682,255,2,58,40,,,34.2978,
2026-09-03 19:15:02.867,2026-09-03 19:15:08.190,2026-09-03 19:15:15.237,,,,5.28158,152.242,5280,303.871,5.32237,1,0,31038,31064,31926,32133,32454,21,176,0,106,0,14622,43797,255,2,58,40,,,303.047,
2026-09-04 16:45:02.920,2026-09-04 16:45:10.947,2026-09-04 16:45:18.290,,,,5.1569,120.567,5309,27.2517,8.02528,1,0,31035,31071,31926,32133,32454,17,176,0,106,0,17382,36708,255,1,58,40,,,32.6607,
2026-09-04 16:50:51.870,2026-09-04 16:50:57.477,2026-09-04 16:51:04.240,,,,5.15442,47.560,5308,31.8206,5.60558,1,0,31035,31071,31926,32133,32454,17,176,0,106,0,4380,14396,255,1,58,40,,,33.8277,
2026-09-04 17:00:21.217,2026-09-04 17:00:27.760,,2026-09-04 17:00:37.767,,,10.0071,41.375,5308,31.615,6.54314,1,0,31035,31071,31926,32133,30568,17,176,0,106,0,,,255,1,58,40,,low,34.5108,29.3213
2026-09-04 17:13:17.457,2026-09-04 17:13:31.020,2026-09-04 17:13:37.727,,,,4.99958,122.516,5309,36.0812,13.5627,1,0,31035,31071,31926,32133,30568,17,176,0,106,0,17831,37300,255,1,58,40,,,34.027,
2026-09-05 10:09:25.977,2026-09-05 10:09:44.590,2026-09-05 10:09:46.103,,,,1.29565,0.515,2603,30.4214,18.6107,1,0,4570,15200,13950,14640,709,4,28,0,,0,24,96,124,6,58,5,,,30.5265,
2026-09-05 10:12:19.977,2026-09-05 10:12:59.523,2026-09-05 10:13:10.573,,,,1.84381,0.432,2603,32.0924,39.549,0,0,4570,15200,13950,14640,709,4,28,0,,0,20,81,124,3,58,5,,,32.0479,
2026-09-05 10:13:45.370,2026-09-05 10:13:49.353,2026-09-05 10:13:51.040,,,,1.54771,0.156,2000,28.3303,3.98195,1,0,4570,15200,13950,14640,709,4,28,0,,0,11,18,124,3,58,5,,,28.3293,
2026-09-05 10:14:38.897,2026-09-05 10:14:45.210,2026-09-05 10:14:46.760,,,,1.25177,0.336,2222,27.1316,6.31253,1,0,4570,15200,13950,14640,709,4,28,0,,0,93,60,124,3,58,5,,,27.1815,
2026-09-05 11:25:54.180,2026-09-05 11:25:59.753,2026-09-05 11:26:09.427,,,,9.67274,0.380,2000,29.1234,5.57275,1,0,4570,15200,13950,14640,709,4,28,0,,0,20,44,124,2,58,10,,,29.1911,
2026-09-05 11:28:59.050,2026-09-05 11:29:06.477,2026-09-05 11:29:17.993,,,,11.11,0.368,2603,32.6002,7.42853,1,0,4570,15200,13950,14640,709,4,28,0,,0,17,69,124,2,58,10,,,32.2059,
2026-09-05 11:33:16.703,2026-09-05 11:33:21.223,2026-09-05 11:33:32.513,,,,11.1491,1.446,2100,30.9271,4.52193,1,0,4570,15200,13950,14640,435,4,28,0,,0,18,165,124,1,58,10,,,31.2291,
2026-09-05 11:34:19.750,2026-09-05 11:34:33.697,2026-09-05 11:34:45.170,,,,11.2342,0.602,2303,33.0714,13.9302,1,0,4570,15200,13950,14640,435,4,28,0,,0,68,150,124,1,58,10,,,33.0524,
2026-09-05 11:36:54.533,2026-09-05 11:37:00.607,2026-09-05 11:37:09.933,,,,9.24994,0.620,2603,30.2508,6.07374,1,0,4570,15200,13950,14640,435,4,28,0,,0,29,117,124,1,58,10,,,30.488,
2026-09-05 11:37:27.053,2026-09-05 11:37:32.737,2026-09-05 11:37:45.237,,,,12.0628,1.560,2100,33.8761,5.70047,1,0,4570,15200,13950,14640,435,4,28,0,,0,20,177,124,4,58,10,,,33.6498,
2026-09-05 11:39:55.077,2026-09-05 11:40:00.803,2026-09-05 11:40:11.587,,,,10.3443,0.390,2222,28.9687,5.71356,1,0,4570,15200,13950,14640,435,4,28,0,,0,108,70,124,1,58,10,,,29.1741,
2026-09-05 11:42:34.930,2026-09-05 11:42:40.193,2026-09-05 11:42:51.710,,,,10.9063,1.376,2304,30.703,5.31198,1,0,4570,15200,13950,14640,435,4,28,0,,0,191,368,124,1,58,10,,,30.9239,
2026-09-05 11:48:41.073,2026-09-05 11:48:47.567,2026-09-05 11:48:58.380,,,,10.4064,1.785,2100,31.1406,6.49405,1,0,4570,15200,13950,14640,435,4,28,0,,0,21,202,124,2,58,10,,,30.9884,
2026-09-05 11:49:50.147,2026-09-05 11:49:57.950,2026-09-05 11:50:07.887,,,,9.79619,0.816,2223,29.1897,7.80343,1,0,4570,15200,13950,14640,434,4,28,0,,0,242,165,124,4,58,10,,,29.1937,
2026-09-05 11:50:44.413,2026-09-05 11:50:50.287,2026-09-05 11:50:59.570,,,,8.98455,0.332,2000,29.2268,5.8749,1,0,4570,15200,13950,14640,434,4,28,0,,0,18,38,124,4,58,10,,,29.4008,
2026-09-05 11:55:54.257,2026-09-05 11:56:02.300,2026-09-05 11:56:07.490,,,,4.96891,1.321,2100,16.1899,8.04414,1,0,4570,15200,13950,14640,435,4,28,0,,0,17,150,124,2,58,10,,,16.3133,
2026-09-05 11:57:07.240,2026-09-05 11:57:15.723,2026-09-05 11:57:20.890,,,,5.09371,0.883,2401,15.1629,8.4686,1,0,4570,15200,13950,14640,709,4,28,0,,0,35,154,124,3,58,10,,,15.1102,
2026-09-05 11:57:53.260,2026-09-05 11:57:57.983,2026-09-05 11:58:02.637,,,,4.39169,0.588,2300,14.9558,4.72451,1,0,4570,15200,13950,14640,435,4,28,0,,0,33,132,124,1,58,10,,,14.5985,
2026-09-05 11:58:07.510,2026-09-05 11:58:19.667,2026-09-05 11:58:24.063,,,,4.25513,0.587,2400,13.494,12.1565,1,0,4570,15200,13950,14640,709,4,28,0,,0,24,99,124,2,58,10,,,13.3744,
2026-09-05 11:58:14.880,2026-09-05 11:58:29.443,2026-09-05 11:58:33.730,,,,4.16133,0.513,2400,12.2804,14.5638,1,0,4570,15200,13950,14640,709,4,28,0,,0,20,86,124,3,58,10,,,12.4143,
2026-09-05 11:59:04.000,2026-09-05 11:59:10.883,2026-09-05 11:59:15.313,,,,4.44517,0.316,2000,14.6124,6.8687,1,0,4570,15200,13950,14640,434,4,28,0,,0,17,36,124,4,58,10,,,14.6355,
2026-09-05 11:59:41.643,2026-09-05 11:59:56.627,2026-09-05 12:00:01.873,,,,5.21911,0.456,2400,15.4356,14.9844,1,0,4570,15200,13950,14640,709,4,28,0,,0,18,76,124,2,58,10,,,15.409,
2026-09-05 12:00:21.287,2026-09-05 12:00:27.010,2026-09-05 12:00:31.967,,,,4.82466,0.641,2300,15.411,5.72481,1,0,4570,15200,13950,14640,709,4,28,0,,0,36,144,124,4,58,10,,,15.507,
2026-09-05 12:00:30.853,2026-09-05 12:00:43.950,2026-09-05 12:00:49.150,,,,4.97227,0.576,2400,14.5651,13.0969,1,0,4570,15200,13950,14640,709,4,28,0,,0,24,98,124,2,58,10,,,14.2707,
2026-09-05 12:01:21.980,2026-09-05 12:01:28.820,2026-09-05 12:01:33.020,,,,4.07676,0.663,2300,13.9164,6.83804,1,0,4570,15200,13950,14640,709,4,28,0,,0,38,148,124,2,58,10,,,14.0106,
2026-09-05 12:01:55.717,2026-09-05 12:02:00.930,2026-09-05 12:02:07.077,,,,5.7717,0.264,2000,16.2328,5.22702,1,0,4570,15200,13950,14640,709,4,28,0,,0,15,30,124,4,58,10,,,15.946,
2026-09-05 12:02:22.213,2026-09-05 12:02:28.687,2026-09-05 12:02:34.490,,,,5.77158,1.496,2301,15.4294,6.47331,1,0,4570,15200,13950,14640,709,4,28,0,,0,110,348,124,3,58,10,,,15.3041,
2026-09-05 12:02:29.360,2026-09-05 12:02:50.193,2026-09-05 12:02:53.630,,,,3.17019,0.269,2000,11.7386,20.8347,1,0,4570,15200,13950,14640,709,4,28,0,,0,15,30,124,1,58,10,,,11.5848,
2026-09-05 12:09:08.020,2026-09-05 12:09:17.347,2026-09-05 12:09:28.160,,,,10.3599,0.377,2603,32.7211,9.32701,1,0,4570,15200,13950,14640,709,4,28,0,,0,17,70,124,2,58,8,,,32.7679,
2026-09-05 12:09:52.223,2026-09-05 12:10:02.887,2026-09-05 12:10:13.760,,,,10.7471,0.459,2303,30.8417,10.6642,1,0,4570,15200,13950,14640,709,4,28,0,,0,47,116,124,1,58,8,,,31.1101,
2026-09-05 12:10:13.183,2026-09-05 12:10:28.183,2026-09-05 12:10:38.340,,,,10.1568,0.923,2223,30.9757,15.0002,1,0,4570,15200,13950,14640,709,4,28,0,,0,252,188,124,2,58,8,,,30.8737,
2026-09-05 12:10:51.167,2026-09-05 12:11:02.653,2026-09-05 12:11:12.733,,,,10.0782,0.365,2222,31.2694,11.4867,1,0,4570,15200,13950,14640,709,4,28,0,,0,93,66,124,3,58,8,,,31.2512,
2026-09-05 12:11:00.747,2026-09-05 12:11:19.750,2026-09-05 12:11:30.593,,,,10.5778,0.565,2600,30.9467,19.0161,1,0,4570,15200,13950,14640,709,4,28,0,,0,21,86,124,1,58,8,,,30.8926,
2026-09-05 12:12:07.640,2026-09-05 12:12:19.870,2026-09-05 12:12:30.297,,,,10.2226,0.212,2000,33.1785,12.2305,1,0,4570,15200,13950,14640,709,4,28,0,,0,11,24,124,3,58,8,,,33.2299,
2026-09-05 12:12:15.203,2026-09-05 12:12:35.890,2026-09-05 12:12:46.093,,,,9.65549,0.250,2000,31.3085,20.7032,1,0,4570,15200,13950,14640,709,4,28,0,,0,12,28,124,1,58,8,,,31.4454,
2026-09-05 12:13:26.027,2026-09-05 12:13:32.880,2026-09-05 12:13:43.007,,,,9.87578,0.462,2603,29.4869,6.8545,1,0,4570,15200,13950,14640,709,4,28,0,,0,20,87,124,1,58,8,,,29.6196,
2026-09-05 12:14:16.770,2026-09-05 12:14:24.287,2026-09-05 12:14:34.753,,,,10.249,1.127,2604,28.8328,7.51584,1,0,4570,15200,13950,14640,709,4,28,0,,0,104,220,124,2,58,8,,,28.5123,
2026-09-05 12:16:37.460,2026-09-05 12:16:53.877,2026-09-05 12:17:03.363,,,,9.36253,0.334,2222,32.5256,16.4163,1,0,4570,15200,13950,14640,709,4,28,0,,0,84,60,124,3,58,8,,,32.4858,
2026-09-05 12:16:52.337,2026-09-05 12:17:20.863,2026-09-05 12:17:28.990,,,,8.01698,0.840,2401,28.6641,28.5291,1,0,4570,15200,13950,14640,709,4,28,0,,0,30,147,124,4,58,8,,,28.6849,
2026-09-05 12:17:38.740,2026-09-05 12:17:52.397,2026-09-05 12:18:02.513,,,,9.91509,1.534,2602,32.6654,13.6559,1,0,4570,15200,13950,14640,709,4,28,0,,0,129,288,124,2,58,8,,,32.7989,
2026-09-05 12:18:03.587,2026-09-05 12:18:15.903,2026-09-05 12:18:25.893,,,,9.8163,0.548,2300,29.8977,12.3033,1,0,4570,15200,13950,14640,709,4,28,0,,0,29,123,124,3,58,8,,,30.0554,
2026-09-05 12:19:00.547,2026-09-05 12:19:05.857,2026-09-05 12:19:17.200,,,,11.2495,0.649,2601,31.2831,5.31071,1,0,4570,15200,13950,14640,709,4,28,0,,0,30,118,124,2,58,8,,,31.2817,
2026-09-05 12:20:14.633,2026-09-05 12:20:21.353,2026-09-05 12:20:33.447,,,,11.9534,1.525,42,31.947,6.71856,1,0,4570,15200,13950,14640,709,4,28,0,,0,36,258,124,2,58,8,,,31.618,
2026-09-05 12:22:10.093,2026-09-05 12:22:17.473,2026-09-05 12:22:25.790,,,,8.14477,0.612,2603,29.222,7.38199,1,0,4570,15200,13950,14640,709,4,28,0,,0,24,116,124,1,58,8,,,29.5489,
2026-09-05 12:23:14.483,2026-09-05 12:23:27.217,2026-09-05 12:23:38.187,,,,10.7514,1.140,2402,31.2441,12.7336,1,0,4570,15200,13950,14640,709,4,28,0,,0,56,224,124,3,58,8,,,31.2029,
2026-09-05 12:25:29.517,2026-09-05 12:27:53.443,,,,2026-09-05 12:27:58.023,0,0.358,2600,31.3703,143.926,0,0,4570,15200,13950,14640,709,4,28,0,,0,,,124,4,58,8,,,31.5101,
2026-09-05 12:33:02.930,2026-09-05 12:33:14.133,2026-09-05 12:33:20.650,,,,6.34491,0.294,2000,18.8018,11.2048,1,0,4570,15200,13950,14640,434,4,28,0,,0,15,33,124,3,58,9,,,18.8777,
2026-09-05 12:33:08.057,2026-09-05 12:33:26.620,2026-09-05 12:33:33.463,,,,6.59334,1.076,2601,19.7402,18.5628,1,0,4570,15200,13950,14640,434,4,28,0,,0,50,196,124,1,58,9,,,19.5914,
2026-09-05 12:35:20.090,2026-09-05 12:35:24.230,2026-09-05 12:35:30.137,,,,5.46975,0.452,2600,19,4.13974,1,0,4570,15200,13950,14640,434,4,28,0,,0,18,68,124,4,58,9,,,18.8363,
2026-09-05 12:36:30.417,2026-09-05 12:36:34.153,2026-09-05 12:36:39.950,,,,5.56331,0.796,2401,17.917,3.73438,1,0,4570,15200,13950,14640,434,4,28,0,,0,29,140,124,2,58,9,,,18.0149,
2026-09-05 12:36:40.213,2026-09-05 12:36:54.513,2026-09-05 12:37:00.963,,,,6.45243,1.748,2100,18.3092,14.2972,1,0,4570,15200,13950,14640,434,4,28,0,,0,20,200,124,3,58,9,,,18.3024,
2026-09-05 12:38:13.130,2026-09-05 12:38:33.487,2026-09-05 12:38:39.577,,,,5.83906,0.375,2222,16.7979,20.358,1,0,4570,15200,13950,14640,434,4,28,0,,0,95,68,124,2,58,9,,,16.9322,
2026-09-05 12:38:14.027,2026-09-05 12:38:45.403,2026-09-05 12:38:51.170,,,,5.73486,0.360,2000,18.2624,31.3755,1,0,4570,15200,13950,14640,434,4,28,0,,0,18,40,124,3,58,9,,,18.3186,
2026-09-05 12:39:37.960,2026-09-05 12:39:42.850,2026-09-05 12:39:48.380,,,,5.45206,1.470,2100,17.817,4.88861,1,0,4570,15200,13950,14640,434,4,28,0,,0,17,168,124,2,58,9,,,17.7743,
2026-09-05 13:01:30.567,2026-09-05 13:01:40.823,2026-09-05 13:01:48.257,,,,5.13797,125.065,5309,24.7316,10.2541,1,0,31038,31064,31926,32133,30568,17,176,0,106,0,19413,38078,255,1,58,40,,,32.8764,
2026-09-05 13:12:31.500,2026-09-05 13:12:39.203,2026-09-05 13:12:46.017,,,,5.18471,152.552,5272,30.6057,7.70568,1,0,31038,31064,31926,32133,14220,21,176,0,106,0,44748,45432,255,1,58,40,,,33.6617,
2026-09-05 13:16:49.187,2026-09-05 13:16:55.863,2026-09-05 13:17:01.067,,,,5.10898,19.167,5270,31.3899,6.66379,1,0,31038,31064,31926,32133,14220,21,176,0,106,0,1058,4050,255,1,58,40,,,31.1888,
2026-09-05 14:15:35.413,2026-09-05 14:15:40.883,2026-09-05 14:15:43.853,,,,2.84399,0.628,2603,33.0492,5.46861,1,0,1669,1683,13950,14640,709,4,27,0,,0,29,118,124,3,58,9,,,33.1407,
2026-09-05 14:17:30.907,2026-09-05 14:17:36.903,2026-09-05 14:17:40.057,,,,2.67641,0.331,2000,28.906,5.99499,1,0,1669,1683,13950,14640,709,4,27,0,,0,18,38,124,3,58,9,,,28.9083,
2026-09-05 14:17:43.767,2026-09-05 14:17:52.643,2026-09-05 14:17:55.457,,,,2.75072,0.854,2223,28.8001,8.82712,1,0,1669,1683,13950,14640,709,4,27,0,,0,254,172,124,6,58,9,,,28.7864,
2026-09-05 14:18:29.650,2026-09-05 14:18:39.247,2026-09-05 14:18:42.120,,,,2.87242,0.367,2222,29.1056,9.59614,1,0,1669,1683,13950,14640,709,4,27,0,,0,93,66,124,6,58,9,,,29.1651,
2026-09-05 14:21:48.503,2026-09-05 14:21:57.753,2026-09-05 14:22:00.887,,,,3.05394,0.576,2303,30.2037,9.25031,1,0,1669,1683,13950,14640,709,4,27,0,,0,65,144,124,5,58,9,,,29.8944,
2026-09-05 14:23:22.003,2026-09-05 14:23:26.940,2026-09-05 14:23:29.833,,,,2.75206,0.404,2600,29.4563,4.93547,1,0,1669,1683,13950,14640,709,4,27,0,,0,17,60,124,4,58,9,,,29.8096,
2026-09-05 14:28:14.623,2026-09-05 14:28:20.813,2026-09-05 14:28:27.673,,,,3.33155,0.314,2000,31.1366,6.19101,1,0,1669,1683,13950,14640,709,4,27,0,,0,17,36,124,3,58,9,,,31.1898,
2026-09-05 14:38:09.250,2026-09-05 14:38:15.503,2026-09-05 14:38:22.487,,,,5.37524,165.605,5280,320.677,6.28124,1,0,31038,31064,31926,32133,30566,17,176,0,106,0,16296,47642,255,1,58,36,,,320.981,
2026-09-05 14:45:20.770,2026-09-05 14:45:28.613,2026-09-05 14:45:33.413,,,,3.25033,325.255,5281,321.076,7.82783,1,0,31035,31071,31926,32133,30566,17,176,0,106,0,33986,97590,255,2,58,36,,,318.6,
2026-09-05 14:47:21.187,2026-09-05 14:47:26.983,2026-09-05 14:47:32.297,,,,5.07846,32.499,5308,25.3367,5.7965,1,0,31035,31071,31926,32133,30568,17,176,0,106,0,1497,9837,255,2,59,36,,,27.5405,
2026-09-05 14:54:33.313,2026-09-05 14:54:40.780,,2026-09-05 15:05:52.370,,,671.591,240.143,5310,52.9101,7.48436,1,0,31035,31071,31926,32133,32454,17,176,0,106,0,,,255,2,59,36,,low,53.1785,40.3564
2026-09-05 15:09:34.820,2026-09-05 15:09:40.523,2026-09-05 15:09:47.257,,,,5.20321,109.545,5309,42.2167,5.70286,1,0,31038,31064,31926,32133,32454,17,176,0,106,0,19140,40021,255,1,59,36,,,44.2014,
2026-09-05 15:12:54.757,2026-09-05 15:12:59.053,2026-09-05 15:13:17.350,,,,18.1883,41.196,5308,43.8543,4.29633,1,0,31035,31071,31926,32133,32454,17,176,0,106,0,4415,14963,255,2,59,36,,,43.7413,
2026-09-05 15:25:45.293,2026-09-05 15:25:49.763,2026-09-05 15:26:00.043,,,,10.1568,54.329,5271,49.1342,4.46859,1,0,31038,31064,31926,32133,32454,17,176,0,106,0,9417,19417,255,1,59,36,,,50.2579,
2026-09-05 15:26:23.433,2026-09-05 15:26:30.577,2026-09-05 15:26:55.587,,,,23.2928,148.599,5309,45.8813,7.14062,1,0,31035,31071,31926,32133,32454,17,176,0,106,0,27992,54290,255,2,59,36,,,50.3068,
2026-09-05 15:27:29.853,2026-09-05 15:27:36.917,2026-09-05 15:28:11.637,,,,33.1414,125.261,5309,45.3242,7.06421,1,0,31038,31064,31926,32133,32454,17,176,0,106,0,23139,45763,255,1,59,36,,,50.4466,
2026-09-05 15:29:22.243,2026-09-05 15:29:30.353,2026-09-05 15:29:35.557,,,,5.10961,29.457,5308,45.375,8.10997,1,0,31035,31071,31926,32133,32454,17,176,0,106,0,2064,10699,255,2,59,36,,,50.6492,
2026-09-05 15:29:56.840,2026-09-05 15:30:16.420,2026-09-05 15:30:50.907,,,,32.8615,136.102,5272,45.7728,19.579,1,0,31035,31071,31926,32133,32454,17,176,0,106,0,44294,48640,255,2,59,36,,,47.0966,
2026-09-05 15:31:35.000,2026-09-05 15:31:45.467,,,,2026-09-05 15:31:45.500,0,4.002,5284,20.4298,10.4671,1,0,31038,31064,31926,32133,32454,17,176,0,106,0,,,255,1,59,36,,,16.5833,
2026-09-05 15:33:47.487,2026-09-05 15:33:54.973,2026-09-05 15:34:00.160,,,,5.06248,31.229,5308,45.0195,7.48448,1,0,31035,31071,31926,32133,32454,17,176,0,106,0,2189,11344,255,2,59,36,,,50.4167,
2026-09-05 15:35:12.757,2026-09-05 15:35:20.337,2026-09-05 15:35:26.680,,,,6.32853,75.058,5271,50.3902,7.57856,1,0,31038,31064,31926,32133,32454,17,176,0,106,0,14276,26824,255,1,59,36,,,50.2744,
2026-09-05 15:37:20.693,2026-09-05 15:37:30.913,2026-09-05 15:37:37.643,,,,5.10455,177.629,5310,44.4307,10.2193,1,0,31035,31071,31926,32133,32454,17,176,0,106,0,53369,64318,255,2,59,36,,,50.8613,
2026-09-05 15:45:09.090,2026-09-05 15:45:17.997,2026-09-05 15:45:23.340,,,,5.3283,44.725,5308,44.7653,8.92247,1,0,31035,31071,31926,32133,32454,17,176,0,106,0,5163,16245,255,2,59,36,,,50.9948,
2026-09-05 15:45:57.057,2026-09-05 15:46:05.043,2026-09-05 15:46:10.340,,,,5.25015,13.559,5249,50.7158,7.98429,1,0,31038,31064,31926,32133,32454,17,176,0,106,0,1875,9349,255,1,60,36,,,50.951,
2026-09-05 15:49:33.860,2026-09-05 15:49:41.690,2026-09-05 15:49:46.893,,,,4.98465,23.186,5270,45.1293,7.8278,1,0,31035,31071,31926,32133,32454,17,176,0,106,0,1944,5879,255,2,60,36,,,50.4313,
2026-09-05 15:51:23.473,2026-09-05 15:51:26.457,2026-09-05 15:51:31.693,,,,5.17201,40.372,5308,50.0535,3.00017,1,0,31035,31071,31926,32133,32454,17,176,0,106,0,4190,14665,255,2,60,36,,,50.0736,
2026-09-05 16:03:25.570,2026-09-05 16:03:28.523,2026-09-05 16:03:31.393,,,,2.65579,0.198,2000,29.2329,2.95377,1,0,1669,1683,13950,14640,709,4,27,0,,0,11,22,124,2,60,9,,,29.2327,
2026-09-05 16:05:25.637,2026-09-05 16:05:30.277,2026-09-05 16:05:33.183,,,,2.70271,0.515,2303,30.8888,4.64171,1,0,1669,1683,13950,14640,709,4,27,0,,0,53,129,124,3,60,9,,,30.6752,
2026-09-05 16:06:44.493,2026-09-05 16:07:02.917,2026-09-05 16:07:05.870,,,,2.79754,0.217,2000,28.7738,18.4222,1,0,1669,1683,13950,14640,709,4,27,0,,0,12,24,124,4,60,9,,,28.8971,
2026-09-05 16:07:21.410,2026-09-05 16:07:27.560,2026-09-05 16:07:30.407,,,,2.62665,0.292,2603,28.5455,6.15065,1,0,1669,1683,13950,14640,709,4,27,0,,0,12,56,124,2,60,9,,,28.673,
2026-09-05 16:22:22.117,2026-09-05 16:22:35.617,,2026-09-05 16:22:40.880,,,5.26528,243.767,5310,34.5771,13.5003,1,0,31038,31064,31926,32133,32454,17,176,0,106,0,,,255,2,60,36,,strong,32.8275,18.0158
2026-09-05 16:53:49.480,2026-09-05 16:53:57.683,2026-09-05 16:54:02.857,,,,5.14083,32.702,5308,28.6196,8.21923,1,0,31035,31071,31926,32133,32454,17,176,0,106,0,1508,9898,255,1,60,36,,,34.0152,
2026-09-05 16:54:42.303,2026-09-05 16:55:01.820,2026-09-05 16:55:09.417,,,,5.12481,114.270,5309,42.9672,19.5168,1,0,31038,31064,31926,32133,32454,17,176,0,106,0,17000,34790,255,2,60,36,,,33.0802,
2026-09-05 16:59:54.020,2026-09-05 17:00:10.630,2026-09-05 17:00:15.833,,,,5.15657,230.170,5310,35.3918,16.6103,1,0,4570,15200,13950,14640,32454,4,28,0,106,0,54638,66081,255,3,110,36,,,35.9062,
2026-09-05 17:00:56.850,2026-09-05 17:01:11.113,2026-09-05 17:01:20.147,,,,6.61108,47.538,5308,18.6719,14.2649,1,0,31038,31064,31926,32133,32454,17,176,0,106,0,4377,14390,255,2,110,36,,,32.8424,
2026-09-05 17:04:30.870,2026-09-05 17:04:35.917,2026-09-05 17:04:41.137,,,,5.03211,13.761,5249,38.0887,5.06274,1,0,4570,15200,13950,14640,32454,4,28,0,106,0,2252,7522,255,3,110,36,,,38.2043,
2026-09-05 17:05:34.643,2026-09-05 17:05:56.793,2026-09-05 17:06:02.793,,,,5.96889,18.116,5299,35.3894,22.1519,1,0,31035,31071,31926,32133,32454,17,176,0,106,0,1436,6708,255,1,110,36,,,32.1037,
2026-09-05 17:29:28.317,2026-09-05 17:29:35.457,2026-09-05 17:29:40.680,,,,5.09775,203.440,5310,34.0175,7.1409,1,0,4570,15200,13950,14640,32454,4,28,0,106,0,48293,58407,255,2,110,36,,,34.7916,
2026-09-05 17:34:40.773,2026-09-05 17:34:49.753,,,2026-09-05 17:34:53.423,,3.64025,133.622,5309,41.6057,8.97884,1,0,1669,15200,13950,14640,32454,4,27,0,106,0,,,255,4,110,36,,,34.8706,
2026-09-05 17:35:06.050,2026-09-05 17:35:14.707,2026-09-05 17:35:20.037,,,,5.31273,34.746,5308,33.589,8.65619,1,0,4570,15200,13950,14640,32454,4,28,0,106,0,3930,10006,255,1,110,40,,,32.3755,
2026-09-05 17:53:31.150,2026-09-05 17:53:44.970,,2026-09-05 17:55:12.900,,,58.0267,174.535,5310,33.9502,13.8214,1,0,31373,31898,31926,32133,32454,21,168,0,106,0,,,255,1,110,36,,low,34.383,31.4583
2026-09-05 17:54:14.753,2026-09-05 17:54:22.160,2026-09-05 17:55:10.057,,,,25.048,49.399,5308,30.3563,7.40628,1,0,31373,31898,31926,32133,32454,21,168,0,106,0,4098,14952,255,2,110,36,,,36.2475,
2026-09-05 18:03:13.380,2026-09-05 18:03:21.643,,2026-09-05 18:06:38.547,,,145.612,140.521,5280,303.423,8.28141,1,0,31373,31898,31926,32133,31909,21,168,0,106,0,,,255,1,110,36,,low,301.543,157.78
2026-09-05 18:05:20.393,2026-09-05 18:05:33.393,2026-09-05 18:07:02.413,,,,72.1298,221.033,5281,22.5087,13.0002,1,0,31373,31898,31926,32133,31909,21,168,0,106,0,23085,79583,255,2,110,36,,,18.3641,
2026-09-05 18:11:19.227,2026-09-05 18:11:34.807,2026-09-05 18:11:41.947,,,,5.23447,173.685,5280,307.106,15.5784,1,0,31373,31898,31926,32133,31909,21,168,0,106,0,18647,59960,255,1,110,36,,,306.526,
2026-09-05 18:12:16.953,2026-09-05 18:12:26.063,2026-09-05 18:13:42.860,,,,75.2042,173.237,5280,170.147,9.10959,1,0,31373,31898,31926,32133,31909,21,168,0,106,0,18579,59805,255,2,110,36,,,170.332,
2026-09-05 18:16:04.883,2026-09-05 18:16:10.207,,,2026-09-05 18:16:31.940,,21.7345,234.328,5281,297.934,5.32303,1,0,31373,31898,31926,32133,31909,21,168,0,106,0,,,255,1,110,36,,,297.827,
2026-09-05 18:25:24.927,2026-09-05 18:25:31.317,2026-09-05 18:29:05.633,,,,212.753,242.502,5281,36.7065,6.391,1,0,31874,31892,31926,32133,31909,21,197,0,106,0,26130,83075,255,1,110,36,,,29.1922,
2026-09-05 18:36:33.673,2026-09-05 18:36:50.563,,,,2026-09-05 18:45:09.207,498.47,252.998,5281,298.013,16.9064,1,0,31874,31892,31926,32133,31909,21,197,0,106,0,,,255,1,110,36,,,297.531,
2026-09-06 05:38:32.337,2026-09-06 05:38:36.697,2026-09-06 05:44:01.157,,,,322.488,105.699,5309,25.1323,4.36007,1,0,31874,31892,31926,32133,32454,21,197,0,106,0,18404,30620,255,1,110,36,,,25.1899,
2026-09-06 05:49:45.720,2026-09-06 05:50:01.863,2026-09-06 05:50:09.533,,,,5.54685,151.517,5310,49.1875,16.1412,1,0,31874,31892,31926,32133,32454,21,197,0,106,0,34170,43500,255,1,110,36,,,49.51,
2026-09-06 05:54:52.850,2026-09-06 05:55:19.837,2026-09-06 05:55:22.680,,,,2.82781,2.921,5267,55.8786,26.9855,1,0,31874,31892,31926,32133,32454,21,197,0,106,0,477,2186,255,1,110,36,,,52.0293,
2026-09-06 05:56:06.423,2026-09-06 05:56:10.127,2026-09-06 05:56:16.063,,,,5.92193,33.300,5308,49.4508,3.70364,1,0,31874,31892,31926,32133,32454,21,197,0,106,0,2475,9591,255,1,110,36,,,49.4486,
2026-09-06 06:07:05.737,2026-09-06 06:07:14.347,2026-09-06 06:07:21.127,,,,6.78132,37.221,5308,44.1178,8.60954,1,0,31874,31892,31926,32133,32454,21,197,0,106,0,3785,10719,255,1,110,36,,,49.7088,
2026-09-06 06:10:25.873,2026-09-06 06:10:38.280,2026-09-06 06:10:46.313,,,,6.42205,117.041,5309,38.2836,12.4067,1,0,31874,31892,31926,32133,32454,21,197,0,106,0,21605,33904,255,1,110,36,,,49.408,
2026-09-06 06:12:39.687,2026-09-06 06:12:47.653,2026-09-06 06:12:52.607,,,,3.79742,380.371,5311,47.166,7.96627,1,0,31874,31892,31926,32133,32454,21,197,0,106,0,157899,109203,255,1,110,36,,,49.3664,
2026-09-06 06:21:47.557,2026-09-06 06:22:33.653,2026-09-06 06:22:39.933,,,,5.73461,6.450,5268,54.5514,46.0953,1,0,31874,31892,31926,32133,32454,21,197,0,106,0,1898,4862,255,1,110,36,,,49.4394,
2026-09-06 06:28:02.997,2026-09-06 06:28:29.963,2026-09-06 06:28:35.650,,,,5.68779,39.492,5308,56.9727,26.9673,1,0,31874,31892,31926,32133,32454,21,197,0,106,0,4371,11374,255,1,110,36,,,53.4106,
2026-09-06 06:33:20.990,2026-09-06 06:33:25.977,2026-09-06 06:33:32.897,,,,5.60964,122.263,5309,48.0297,4.9845,1,0,31874,31892,31926,32133,32454,21,197,0,106,0,23055,35418,255,1,110,36,,,49.1217,
2026-09-06 06:58:00.593,2026-09-06 06:58:04.077,2026-09-06 07:05:41.120,,,,456.917,126.178,4570,21.8698,3.48478,0,0,16370,16340,28400,28610,27060,2,26,5,103,0,24762,44142,250,2,110,28,,,25.6946,
2026-09-06 07:29:54.213,2026-09-06 07:29:54.993,,2026-09-06 07:30:20.620,,,25.626,82.264,4570,34.0992,0.796241,0,0,16370,16340,28400,28610,27060,2,26,5,103,0,,,250,2,110,28,,low,34.8105,36.6328
2026-09-06 07:33:05.990,2026-09-06 07:33:07.867,2026-09-06 07:33:24.257,,,,16.2819,110.142,4570,27.5694,1.85968,0,0,16370,16340,28400,28610,27060,2,26,5,103,0,21213,38532,250,2,110,28,,,29.6669,
2026-09-06 07:33:40.540,2026-09-06 07:33:42.343,2026-09-06 07:33:58.877,,,,16.3439,77.081,4560,40.2179,1.80482,0,0,16370,16340,28400,28610,27060,2,26,0,103,0,10410,21513,250,2,110,28,,,42.5884,
2026-09-06 07:35:16.610,2026-09-06 07:35:18.867,2026-09-06 07:35:32.753,,,,13.7748,32.974,4550,32.7015,2.25718,0,0,16370,16340,28400,28610,27060,2,26,5,103,0,1809,6254,250,2,110,28,,,35.3302,
2026-09-06 07:37:03.393,2026-09-06 07:37:04.563,2026-09-06 07:37:11.563,,,,6.67214,28.915,4550,18.4268,1.17183,0,0,16370,16340,28400,28610,27060,2,26,5,103,0,1578,5484,250,2,110,28,,,19.6539,
2026-09-06 07:39:26.973,2026-09-06 07:39:27.363,2026-09-06 07:39:47.257,,,,19.7837,173.079,4580,35.2186,0.390559,0,0,16370,16340,28400,28610,27060,2,26,5,103,0,38655,70080,250,2,110,28,,,35.7659,
2026-09-06 07:41:24.963,2026-09-06 07:41:26.087,2026-09-06 07:41:35.917,,,,9.64086,93.790,4570,11.3545,1.12498,0,0,16370,16340,28400,28610,27060,2,26,5,103,0,15042,32811,250,2,110,28,,,12.7506,
2026-09-06 07:47:29.620,2026-09-06 07:47:30.527,2026-09-06 07:47:37.340,,,,6.67258,25.841,4550,20.3524,0.906262,0,0,16370,16340,28400,28610,27060,2,26,5,103,0,1412,4900,250,2,110,28,,,20.7468,
2026-09-06 07:48:41.527,2026-09-06 07:48:42.237,2026-09-06 07:48:55.887,,,,13.651,29.655,4550,42.0417,0.708871,0,0,16370,16340,28400,28610,27060,2,26,3,103,0,1619,5624,250,2,110,28,,,43.027,
2026-09-06 07:53:47.210,2026-09-06 07:53:48.633,2026-09-06 07:53:53.930,,,,5.15667,26.378,4550,14.0169,1.42185,0,0,16370,16340,28400,28610,27060,2,26,5,103,0,1440,5002,250,2,110,28,,,15.2892,
2026-09-06 07:54:15.610,2026-09-06 07:54:17.360,2026-09-06 07:54:29.277,,,,11.9138,33.805,4550,35.0036,1.75004,0,0,16370,16340,28400,28610,27060,2,26,5,103,0,1866,6411,250,2,110,28,,,36.9401,
2026-09-06 07:54:45.590,2026-09-06 07:54:46.717,2026-09-06 07:55:08.123,,,,21.4074,61.402,4560,40.2074,1.12528,0,0,16370,16340,28400,28610,27060,2,26,0,103,0,7523,17138,250,2,110,28,,,41.6238,
2026-09-06 07:57:11.420,2026-09-06 07:57:14.423,2026-09-06 07:57:30.220,,,,15.6563,79.572,4560,23.5201,3.00043,0,0,16370,16340,28400,28610,27060,2,26,5,103,0,10844,22209,250,2,110,28,,,26.8595,
2026-09-06 08:01:48.327,2026-09-06 08:02:07.217,2026-09-06 08:02:10.137,,,,2.48479,0.434,4840,35.2351,18.9062,1,0,13410,15200,28400,28610,5610,1,24,0,,0,32,142,250,3,110,10,,,36.1729,
2026-09-06 08:02:27.343,2026-09-06 08:02:39.420,2026-09-06 08:02:42.347,,,,2.69165,2.632,4870,31.8618,12.0787,1,0,13410,15200,28400,28610,5610,1,24,0,,0,210,942,250,3,110,10,,,32.9369,
2026-09-06 08:06:37.327,2026-09-06 08:06:50.437,2026-09-06 08:06:53.203,,,,2.57813,1.771,4740,34.27,13.112,1,0,13410,15200,28400,28610,5610,1,24,0,,0,87,621,250,3,110,10,,,35.4904,
2026-09-06 08:07:34.110,2026-09-06 08:07:47.273,2026-09-06 08:07:50.053,,,,2.60976,0.294,4830,26.957,13.1612,1,0,13410,15200,28400,28610,5610,1,24,0,,0,12,58,250,3,110,10,,,27.4148,
2026-09-06 08:10:45.653,2026-09-06 08:11:05.013,2026-09-06 08:11:07.840,,,,2.71849,0.393,4840,41.853,19.361,1,0,13410,15200,28400,28610,5610,1,24,0,,0,30,129,250,3,110,10,,,43.0922,
2026-09-06 08:11:45.713,2026-09-06 08:11:58.120,2026-09-06 08:12:00.920,,,,2.57878,2.189,4860,43.8735,12.4066,1,0,13410,15200,28400,28610,5610,1,24,0,,0,111,782,250,3,110,10,,,45.0737,
2026-09-06 08:12:34.437,2026-09-06 08:12:47.330,2026-09-06 08:12:50.063,,,,2.49989,2.075,4860,31.2179,12.8934,1,0,13410,15200,28400,28610,5610,1,24,0,,0,105,741,250,3,110,10,,,30.755,
2026-09-06 08:14:52.393,2026-09-06 08:15:06.473,2026-09-06 08:15:09.537,,,,2.85971,0.293,4830,30.8831,14.0787,1,0,13410,15200,28400,28610,5610,1,24,0,,0,12,58,250,3,110,10,,,31.544,
2026-09-06 08:16:17.413,2026-09-06 08:16:32.617,2026-09-06 08:16:35.523,,,,2.65666,1.555,4710,31.7075,15.2033,1,0,13410,15200,28400,28610,5610,1,24,0,,0,80,542,250,3,110,10,,,31.1218,
2026-09-06 08:18:08.513,2026-09-06 08:18:29.793,2026-09-06 08:18:32.513,,,,2.53112,0.326,4840,28.5529,21.2826,1,0,13410,15200,28400,28610,5610,1,24,0,,0,26,106,250,3,110,10,,,29.6603,
2026-09-06 08:19:20.753,2026-09-06 08:19:56.627,2026-09-06 08:19:59.687,,,,3.00013,0.291,4830,46.8794,35.871,1,0,13410,15200,28400,28610,5610,1,24,0,,0,12,58,250,3,110,10,,,47.905,
2026-09-06 08:21:39.550,2026-09-06 08:21:52.973,2026-09-06 08:21:55.847,,,,2.74938,1.152,4860,43.5183,13.4234,1,0,13410,15200,28400,28610,5610,1,24,0,,0,59,411,250,3,110,10,,,44.7033,
2026-09-06 08:22:31.363,2026-09-06 08:22:44.300,2026-09-06 08:22:47.127,,,,2.7186,0.293,4830,33.0601,12.936,1,0,13410,15200,28400,28610,5610,1,24,0,,0,12,58,250,3,110,10,,,33.9431,
2026-09-06 08:28:00.273,2026-09-06 08:28:14.193,2026-09-06 08:28:35.023,,,,19.9996,1.691,4710,47.4002,13.9225,1,0,13410,15200,28400,28610,5610,1,24,0,,0,86,590,250,3,110,10,,,47.4056,
2026-09-06 08:31:38.480,2026-09-06 08:31:52.037,2026-09-06 08:31:54.787,,,,2.6561,1.455,4710,35.3195,13.5555,1,0,13410,15200,28400,28610,5610,1,24,0,,0,74,507,250,3,110,10,,,35.8344,
2026-09-06 08:32:41.117,2026-09-06 08:32:54.333,2026-09-06 08:32:57.700,,,,2.66367,2.518,4720,48.2601,13.2175,1,0,13410,15200,28400,28610,5610,1,24,0,,0,221,884,250,3,110,10,,,48.6703,
2026-09-06 08:34:51.257,2026-09-06 08:35:06.223,2026-09-06 08:35:08.973,,,,2.75023,0.203,4830,35.3659,14.9689,1,0,13410,15200,28400,28610,5610,1,24,0,,0,9,40,250,3,110,10,,,36.1869,
2026-09-06 08:36:08.520,2026-09-06 08:36:32.333,2026-09-06 08:36:35.117,,,,2.71858,3.228,4890,43.5654,23.8139,1,0,13410,15200,28400,28610,5610,1,24,0,,0,231,1204,250,3,110,10,,,42.3819,
2026-09-06 08:42:41.880,2026-09-06 08:42:57.587,2026-09-06 08:43:00.500,,,,2.83657,0.236,4830,21.2613,15.7039,1,0,13410,15200,28400,28610,5610,1,24,0,,0,11,48,250,3,110,10,,,21.8185,
2026-09-06 08:43:22.953,2026-09-06 08:43:37.500,2026-09-06 08:43:40.393,,,,2.7661,1.172,4740,37.8079,14.5471,1,0,13410,15200,28400,28610,5610,1,24,0,,0,59,411,250,3,110,10,,,37.5445,
2026-09-06 08:44:50.853,2026-09-06 08:45:04.523,2026-09-06 08:45:07.603,,,,3.01602,1.833,4740,42.2075,13.6729,1,0,13410,15200,28400,28610,5610,1,24,0,,0,90,642,250,3,110,10,,,43.4525,
2026-09-06 08:45:46.900,2026-09-06 08:45:56.980,2026-09-06 08:45:59.900,,,,2.68738,1.384,4710,16.1824,10.0784,1,0,13410,15200,28400,28610,5610,1,24,0,,0,72,482,250,3,110,10,,,16.5087,
2026-09-06 08:47:26.197,2026-09-06 08:47:46.107,2026-09-06 08:47:48.857,,,,2.74984,0.368,4840,23.3192,19.909,1,0,13410,15200,28400,28610,5610,1,24,0,,0,27,122,250,3,110,10,,,24.3709,
2026-09-06 08:49:05.337,2026-09-06 08:49:19.217,2026-09-06 08:49:22.057,,,,2.71574,0.279,4830,29.3207,13.878,1,0,13410,15200,28400,28610,5610,1,24,0,,0,11,56,250,3,110,10,,,29.8282,
2026-09-06 08:50:26.743,2026-09-06 08:50:39.603,2026-09-06 08:50:42.453,,,,2.64501,1.957,4860,33.7407,12.8598,1,0,13410,15200,28400,28610,5610,1,24,0,,0,99,698,250,3,110,10,,,34.0057,
2026-09-06 08:54:06.810,2026-09-06 08:54:08.980,2026-09-06 08:54:22.780,,,,13.6566,31.356,4550,38.0549,2.17194,0,0,16370,16340,28400,28610,27060,2,26,0,103,0,1712,5946,250,2,110,28,,,40.3393,
2026-09-06 08:55:35.463,2026-09-06 08:55:38.400,2026-09-06 08:55:54.597,,,,16.1488,71.957,4560,31.2323,2.93764,0,0,16370,16340,28400,28610,27060,2,26,5,103,0,9498,20084,250,2,110,28,,,34.3554,
2026-09-06 09:00:37.153,2026-09-06 09:00:40.510,2026-09-06 09:00:53.450,,,,13.2997,107.235,4570,9.42879,3.34356,0,0,16370,16340,28400,28610,27060,2,26,5,103,0,16074,37515,250,2,110,28,,,12.5226,
2026-09-06 09:01:27.110,2026-09-06 09:01:29.063,2026-09-06 09:01:49.003,,,,19.8953,34.049,4550,31.4404,1.95332,0,0,16370,16340,28400,28610,27060,2,26,5,103,0,1884,6458,250,2,110,28,,,33.6911,
2026-09-06 09:06:12.377,2026-09-06 09:06:15.267,2026-09-06 09:06:30.627,,,,15.3594,48.629,4560,27.2556,2.89025,0,0,16370,16340,28400,28610,27060,2,26,5,103,0,5100,13572,250,2,110,28,,,30.3736,
2026-09-06 09:09:16.040,2026-09-06 09:09:17.617,2026-09-06 09:09:46.543,,,,28.7527,32.320,4550,31.0511,1.57791,0,0,16370,16340,28400,28610,27060,2,26,5,103,0,1767,6129,250,2,110,28,,,32.5178,
2026-09-06 09:18:51.553,2026-09-06 09:18:54.523,2026-09-06 09:19:07.993,,,,13.3757,32.941,4550,23.7788,2.95263,0,0,16370,16340,28400,28610,27060,2,26,5,103,0,1806,6248,250,2,110,28,,,27.1423,
2026-09-06 09:21:09.160,2026-09-06 09:21:11.770,2026-09-06 09:21:26.147,,,,14.1411,151.480,4580,25.8132,2.6092,0,0,16370,16340,28400,28610,27060,2,26,5,103,0,33450,61335,250,2,110,28,,,28.6629,
2026-09-06 09:22:49.540,2026-09-06 09:22:50.460,2026-09-06 09:23:00.507,,,,10.0316,38.831,4550,21.638,0.921853,0,0,16370,16340,28400,28610,27060,2,26,5,103,0,2307,7365,250,2,110,28,,,22.0801,
2026-09-06 09:27:49.453,2026-09-06 09:27:51.860,2026-09-06 09:28:05.013,,,,13.1561,34.512,4550,25.1628,2.40658,0,0,16370,16340,28400,28610,27060,2,26,5,103,0,1919,6544,250,2,110,28,,,27.5149,
2026-09-06 09:30:56.793,2026-09-06 09:30:59.107,2026-09-06 09:31:11.967,,,,12.86,90.277,4570,24.2061,2.31257,0,0,16370,16340,28400,28610,27060,2,26,5,103,0,16401,31582,250,2,110,28,,,27.2395,
2026-09-06 09:32:20.643,2026-09-06 09:32:21.580,2026-09-06 09:32:32.283,,,,10.6099,48.342,4560,19.3455,0.938298,0,0,16370,16340,28400,28610,27060,2,26,0,103,0,5051,13492,250,2,110,28,,,20.4747,
2026-09-06 09:38:28.963,2026-09-06 09:38:33.850,2026-09-06 09:38:36.743,,,,2.77036,0.729,201,20.283,4.87013,1,0,1669,1683,13950,14640,431,4,27,0,,0,17,63,102,5,110,10,,,20.0613,
2026-09-06 09:39:06.103,2026-09-06 09:39:14.680,2026-09-06 09:39:16.557,,,,1.76589,0.402,85,14.2857,8.59215,1,0,1669,1683,13950,14640,431,4,27,0,,0,11,72,102,6,110,10,,,13.0211,
2026-09-06 09:39:33.977,2026-09-06 09:39:39.540,2026-09-06 09:39:42.947,,,,2.93796,0.438,85,13.5711,5.56149,1,0,1669,1683,13950,14640,431,4,27,0,,0,11,80,102,4,110,10,,,13.5406,
2026-09-06 09:39:49.353,2026-09-06 09:39:54.273,2026-09-06 09:39:57.120,,,,2.82912,0.422,85,13.9242,4.92132,1,0,1669,1683,13950,14640,431,4,27,0,,0,11,76,102,3,110,10,,,14.0748,
2026-09-06 09:40:32.847,2026-09-06 09:40:37.163,2026-09-06 09:40:40.067,,,,2.76254,0.269,71,15.3135,4.33163,1,0,1669,1683,13950,14640,431,4,27,0,,0,18,40,102,5,110,10,,,15.3153,
2026-09-06 09:41:00.663,2026-09-06 09:41:06.257,2026-09-06 09:41:08.780,,,,2.46143,0.273,71,12.4121,5.59378,1,0,1669,1683,13950,14640,431,4,27,0,,0,18,40,102,4,110,10,,,12.4395,
2026-09-06 09:42:06.557,2026-09-06 09:42:12.773,2026-09-06 09:42:15.647,,,,2.68738,0.282,53,13.6889,6.21593,1,0,1669,1683,13950,14640,431,4,27,0,,0,11,30,102,3,110,10,,,13.5271,
2026-09-06 09:42:49.267,2026-09-06 09:42:53.780,2026-09-06 09:42:56.657,,,,2.67261,0.179,35,13.5869,4.51583,1,0,1669,1683,13950,14640,431,4,27,0,,0,8,38,102,4,110,10,,,13.6944,
2026-09-06 09:43:20.607,2026-09-06 09:43:24.653,2026-09-06 09:43:27.120,,,,2.39014,0.420,85,12.695,4.04453,1,0,1669,1683,13950,14640,431,4,27,0,,0,11,75,102,4,110,10,,,12.367,
2026-09-06 09:43:50.217,2026-09-06 09:43:55.950,2026-09-06 09:43:58.573,,,,2.43605,0.289,71,12.7474,5.75125,1,0,1669,1683,13950,14640,431,4,27,0,,0,21,44,102,3,110,10,,,12.9378,
2026-09-06 09:44:14.370,2026-09-06 09:44:20.560,2026-09-06 09:44:23.780,,,,2.5778,0.295,71,15.2625,6.20503,1,0,1669,1683,13950,14640,431,4,27,0,,0,21,44,102,5,110,10,,,15.4018,
2026-09-06 09:45:00.623,2026-09-06 09:45:05.233,2026-09-06 09:45:07.967,,,,2.71898,0.403,85,13.403,4.61017,1,0,1669,1683,13950,14640,431,4,27,0,,0,11,72,102,5,110,10,,,13.4937,
2026-09-06 09:46:25.270,2026-09-06 09:46:36.473,2026-09-06 09:46:39.457,,,,2.65566,0.183,35,13.7533,11.2032,1,0,1669,1683,13950,14640,431,4,27,0,,0,8,39,102,3,110,10,,,13.488,
2026-09-06 09:48:16.327,2026-09-06 09:48:21.177,2026-09-06 09:48:24.207,,,,2.98479,0.665,201,23.3464,4.84716,1,0,1669,1683,13950,14640,431,4,27,0,,0,15,58,102,3,110,10,,,23.5893,
2026-09-06 09:48:30.863,2026-09-06 09:48:38.303,2026-09-06 09:48:41.597,,,,3.00042,0.712,201,18.1746,7.43965,1,0,1669,1683,13950,14640,431,4,27,0,,0,17,62,102,5,110,10,,,18.3602,
2026-09-06 09:48:52.037,2026-09-06 09:49:00.927,2026-09-06 09:49:03.807,,,,2.69273,0.387,85,12.693,8.88912,1,0,1669,1683,13950,14640,431,4,27,0,,0,11,69,102,3,110,10,,,12.3242,
2026-09-06 09:49:33.913,2026-09-06 09:49:40.107,2026-09-06 09:49:41.890,,,,1.26714,0.172,35,9.25536,6.19624,1,0,1669,1683,13950,14640,431,4,27,0,,0,8,36,102,5,110,10,,,8.73664,
2026-09-06 09:49:40.717,2026-09-06 09:49:52.937,2026-09-06 09:49:56.140,,,,2.93879,0.108,71,15.2729,12.2183,1,0,1669,1683,13950,14640,431,4,27,0,,0,11,16,102,3,110,10,,,14.988,
2026-09-06 09:50:52.283,2026-09-06 09:50:55.473,2026-09-06 09:50:58.490,,,,2.75094,0.896,201,16.9947,3.19064,1,0,1669,1683,13950,14640,431,4,27,0,,0,18,78,102,4,110,10,,,16.9959,
2026-09-06 09:51:27.077,2026-09-06 09:51:30.343,2026-09-06 09:51:32.890,,,,2.42216,0.315,85,12.9888,3.2656,1,0,1669,1683,13950,14640,431,4,27,0,,0,11,57,102,4,110,10,,,12.9904,
2026-09-06 09:51:44.140,2026-09-06 09:51:51.093,2026-09-06 09:51:54.107,,,,3.00067,0.208,34,13.7238,6.95268,1,0,1669,1683,13950,14640,431,4,27,0,,0,8,44,102,3,110,10,,,13.1269,
2026-09-06 09:54:47.133,2026-09-06 09:54:55.123,2026-09-06 09:54:57.997,,,,2.76552,0.172,35,14.5055,7.98999,1,0,1669,1683,13950,14640,431,4,27,0,,0,8,36,102,4,110,10,,,14.2814,
2026-09-06 09:55:11.717,2026-09-06 09:55:17.093,2026-09-06 09:55:20.077,,,,2.78021,0.451,85,13.9832,5.37654,1,0,1669,1683,13950,14640,431,4,27,0,,0,12,81,102,5,110,10,,,14.0872,
2026-09-06 09:55:41.430,2026-09-06 09:55:47.353,2026-09-06 09:55:49.333,,,,1.9362,0.293,53,13.6005,5.92326,1,0,1669,1683,13950,14640,431,4,27,0,,0,11,32,102,3,110,10,,,13.562,
2026-09-06 10:05:06.507,2026-09-06 10:05:10.780,2026-09-06 10:05:15.967,,,,5.06238,5.441,2201,13.1488,4.27303,1,0,6680,15200,28400,7600,7880,6,129,0,,0,179,1020,124,2,110,32,,,13.1997,
2026-09-06 10:06:54.053,2026-09-06 10:07:03.837,2026-09-06 10:07:12.850,,,,8.92065,16.544,2205,13.9047,9.78128,1,0,6680,15200,28400,7600,7880,6,129,0,,0,1482,2792,124,2,110,32,,,14.2462,
2026-09-06 10:07:07.150,2026-09-06 10:07:19.367,2026-09-06 10:07:36.710,,,,17.2186,17.065,2202,15.377,12.2178,1,0,6680,15200,28400,7600,7880,6,129,0,,0,1241,3360,124,3,110,32,,,14.7989,
2026-09-06 11:21:46.983,2026-09-06 11:22:14.983,2026-09-06 11:23:05.543,,,,50.1635,31.716,2903,44.757,28,1,0,4570,15200,28400,28610,715,4,28,0,,0,1637,3015,180,2,110,16,,,44.9551,
2026-09-06 11:23:57.260,2026-09-06 11:24:27.967,2026-09-06 11:24:48.700,,,,20.581,6.239,2101,48.3557,30.7061,1,0,4570,15200,28400,28610,715,4,28,0,,0,101,936,180,1,110,16,,,48.7528,
2026-09-06 11:37:13.517,2026-09-06 11:37:18.267,2026-09-06 11:37:25.017,,,,5.14059,122.981,5309,25.0287,4.75001,1,0,31013,31381,31926,32133,30568,21,176,0,106,0,16884,37443,255,2,110,36,,,25.8357,
2026-09-06 11:47:26.897,2026-09-06 11:47:32.240,2026-09-06 11:47:49.997,,,,17.5542,24.419,5270,38.0715,5.34037,1,0,31013,31381,31926,32133,14220,21,176,0,106,0,2048,6190,255,2,110,36,,,38.8237,
2026-09-06 11:48:57.213,2026-09-06 11:49:01.693,2026-09-06 11:49:30.367,,,,27.208,45.058,5271,28.5508,4.47872,1,0,31874,31892,31926,32133,14220,21,197,0,106,0,9638,15322,255,1,110,36,,,29.1549,
2026-09-06 11:48:57.760,2026-09-06 11:49:34.757,2026-09-06 11:49:52.217,,,,17.274,25.871,5270,30.7567,36.9955,1,0,31013,31381,31926,32133,14220,21,176,0,106,0,2168,6559,255,2,110,36,,,27.3656,
2026-09-06 11:52:18.313,2026-09-06 11:52:38.843,2026-09-06 11:53:00.060,,,,20.808,26.203,5270,16.3376,20.5472,1,0,31874,31892,31926,32133,14220,21,197,0,106,0,2739,6322,255,1,110,36,,,26.6732,
2026-09-06 11:54:29.557,2026-09-06 11:54:34.447,2026-09-06 11:54:54.517,,,,19.9768,26.015,5270,26.9506,4.89021,1,0,31874,31892,31926,32133,14220,21,197,0,106,0,2705,6275,255,1,110,36,,,27.1332,
2026-09-06 11:54:38.963,2026-09-06 11:55:12.617,2026-09-06 11:55:43.413,,,,30.5932,50.366,5271,34.3592,33.6556,1,0,31013,31381,31926,32133,14220,21,176,0,106,0,8729,18000,255,2,110,36,,,26.3152,
2026-09-06 11:57:02.097,2026-09-06 11:57:08.753,2026-09-06 11:57:13.987,,,,5.0939,18.673,5299,22.2199,6.65627,1,0,31874,31892,31926,32133,32454,21,197,0,106,0,2250,8296,255,1,110,36,,,23.6188,
2026-09-06 11:57:51.897,2026-09-06 11:58:30.770,2026-09-06 11:58:44.027,,,,13.1298,30.975,5271,31.0711,38.8756,1,0,31874,31892,31926,32133,32454,21,197,0,106,0,4131,10534,255,1,110,36,,,27.0588,
2026-09-06 11:58:07.460,2026-09-06 11:58:17.070,2026-09-06 11:58:23.803,,,,5.07842,173.482,5272,24.842,9.6099,1,0,31013,31381,31926,32133,32454,21,176,0,106,0,59015,61999,255,2,110,36,,,27.0623,
2026-09-06 12:01:00.177,2026-09-06 12:01:04.867,2026-09-06 12:01:12.920,,,,7.80329,20.253,5270,25.953,4.68747,1,0,31874,31892,31926,32133,31908,21,197,0,106,0,2097,4885,255,1,110,36,,,26.7649,
2026-09-06 12:02:29.697,2026-09-06 12:03:02.350,2026-09-06 12:03:10.867,,,,8.39078,23.198,5270,30.2635,32.6527,1,0,31013,31381,31926,32133,31908,21,176,0,106,0,1946,5882,255,2,110,36,,,26.4177,
2026-09-06 12:04:55.300,2026-09-06 12:05:17.597,2026-09-06 12:05:24.990,,,,7.39109,25.053,5270,28.0498,22.2975,1,0,31874,31892,31926,32133,31908,21,197,0,106,0,2592,6044,255,1,110,36,,,26.5456,
2026-09-06 12:05:02.393,2026-09-06 12:05:30.333,2026-09-06 12:05:36.817,,,,6.48469,27.139,5270,31.4584,27.9386,1,0,31013,31381,31926,32133,31908,21,176,0,106,0,2276,6881,255,2,110,36,,,27.1437,
2026-09-06 12:07:38.487,2026-09-06 12:07:56.370,2026-09-06 12:08:10.370,,,,12.5794,101.428,5272,18.756,17.8822,1,0,31013,31381,31926,32133,31908,21,176,0,106,0,27000,36248,255,2,110,36,,,26.8613,
2026-09-06 12:08:47.360,2026-09-06 12:08:57.897,2026-09-06 12:09:07.750,,,,7.94824,64.264,5271,19.4177,10.5372,1,0,31013,31381,31926,32133,31908,21,176,0,106,0,11139,22966,255,2,110,36,,,27.0513,
2026-09-06 12:10:07.857,2026-09-06 12:10:12.457,2026-09-06 12:10:20.140,,,,6.07267,57.865,5271,25.986,4.6,1,0,31874,31892,31926,32133,31908,21,197,0,106,0,12377,19676,255,1,110,36,,,27.0095,
2026-09-06 12:12:30.913,2026-09-06 12:12:35.510,2026-09-06 12:12:42.637,,,,5.52916,75.870,5271,26.4467,4.59414,1,0,31874,31892,31926,32133,31908,21,197,0,106,0,17781,25799,255,1,110,36,,,27.1356,
2026-09-06 12:23:13.310,2026-09-06 12:23:18.573,2026-09-06 12:23:27.127,,,,7.20363,286.505,5281,272.694,5.26579,1,0,31874,31892,31926,32133,31909,21,197,0,106,0,31572,98150,255,1,110,36,,,274.612,
2026-09-06 12:25:04.143,2026-09-06 12:25:10.283,2026-09-06 12:25:24.817,,,,12.2197,163.065,5280,262.054,6.14059,1,0,31874,31892,31926,32133,31909,21,197,0,106,0,23220,53561,255,1,110,36,,,254.672,
2026-09-06 12:29:32.843,2026-09-06 12:29:39.090,2026-09-06 12:29:44.293,,,,3.59828,487.782,5282,275.401,6.24955,1,0,31874,31892,31926,32133,31909,21,197,0,106,0,77610,165613,255,1,110,36,,,275.376,
2026-09-06 13:24:04.733,2026-09-06 13:24:06.093,,2026-09-06 13:24:19.330,,,13.2387,84.525,5081,31.2028,1.35875,0,0,16370,16340,28400,28610,30309,3,26,7,,0,,,250,3,110,32,,strong,32.9642,5.15801
2026-09-06 13:37:45.283,2026-09-06 13:38:12.080,2026-09-06 13:38:18.923,,,,6.62553,7.899,4650,12.3997,26.7975,1,0,4570,15200,28400,28610,715,4,28,0,,0,791,2847,250,6,110,22,,,12.142,
2026-09-06 13:38:25.877,2026-09-06 13:38:41.893,2026-09-06 13:39:11.330,,,,29.22,7.252,4650,11.4011,16.0149,1,0,4570,15200,13950,28610,715,4,28,0,,0,726,2614,250,4,110,22,,,11.0416,
2026-09-06 13:38:56.127,2026-09-06 13:39:28.690,2026-09-06 13:39:34.083,,,,5.20334,9.375,4660,16.7999,32.5804,1,0,4570,15200,28400,28610,715,4,28,0,,0,2550,5274,250,6,110,22,,,16.5316,
2026-09-06 13:39:25.880,2026-09-06 13:40:03.720,2026-09-06 13:40:09.347,,,,5.40715,6.194,4650,10.8083,37.8423,1,0,4570,15200,28400,28610,715,4,28,0,,0,620,2232,250,7,110,22,,,10.7082,
2026-09-06 13:40:18.533,2026-09-06 13:40:33.567,2026-09-06 13:40:46.367,,,,12.7853,11.307,4620,18.1368,15.0317,1,0,4570,15200,13950,28610,715,4,28,0,,0,2133,5799,250,4,110,22,,,18.0293,
2026-09-06 13:41:24.197,2026-09-06 13:42:02.230,2026-09-06 13:42:07.637,,,,5.21899,11.079,4620,15.5527,38.0344,1,0,4570,15200,28400,28610,715,4,28,0,,0,2091,5682,250,6,110,22,,,15.0035,
2026-09-06 13:42:18.107,2026-09-06 13:42:37.653,2026-09-06 13:42:49.287,,,,11.6331,11.783,4620,25.2133,19.5473,1,0,4570,15200,28400,28610,715,4,28,0,,0,2223,6044,250,7,110,22,,,24.5841,
2026-09-06 13:47:20.310,2026-09-06 13:47:54.957,2026-09-06 13:48:11.190,,,,16.047,12.456,4620,14.4148,34.6464,1,0,4570,15200,13950,28610,715,4,28,0,,0,2354,6388,250,4,110,22,,,14.6079,
2026-09-06 13:48:41.820,2026-09-06 13:49:02.087,2026-09-06 13:49:07.260,,,,5.04773,13.480,4630,13.322,20.2662,1,0,4570,15200,28400,28610,715,4,28,0,,0,6254,9974,250,7,110,22,,,13.6497,
2026-09-06 14:55:41.000,2026-09-06 14:55:46.877,2026-09-06 14:56:12.897,,,,24.6439,57.092,5271,28.5079,5.87789,1,0,31013,31381,31926,32133,14220,21,176,0,106,0,7853,17002,255,2,110,36,,,27.7656,
2026-09-06 14:57:51.723,2026-09-06 14:58:01.637,2026-09-06 14:58:08.293,,,,5.20328,75.402,5271,20.2536,9.91125,1,0,31013,31381,31926,32133,14220,21,176,0,106,0,10430,22456,255,2,110,36,,,27.8213,
2026-09-06 15:00:53.207,2026-09-06 15:01:12.863,2026-09-06 15:01:18.037,,,,5.047,29.609,5270,23.1307,19.6568,1,0,31013,31381,31926,32133,14220,21,176,0,106,0,1632,6256,255,2,110,36,,,27.9229,
2026-09-06 15:01:55.477,2026-09-06 15:02:30.423,2026-09-06 15:02:33.213,,,,2.6343,2.152,5259,30.6462,34.8669,1,0,31013,31381,31926,32133,14220,21,176,0,106,0,731,1940,255,2,110,36,,,28.0233,
2026-09-06 15:06:55.003,2026-09-06 15:07:24.287,2026-09-06 15:07:35.257,,,,10.8125,23.847,5270,33.6505,29.2828,1,0,31013,31381,31926,32133,14220,21,176,0,106,0,1316,5038,255,2,110,36,,,27.8152,
2026-09-06 15:08:58.770,2026-09-06 15:09:38.103,2026-09-06 15:09:41.353,,,,3.03108,3.912,5284,16.703,39.3493,1,0,31874,31892,31926,32133,31908,21,197,0,106,0,578,1488,255,1,110,36,,,13.1128,
2026-09-06 15:12:17.513,2026-09-06 15:12:22.187,2026-09-06 15:12:27.403,,,,5.03167,21.720,5270,27.7382,4.68753,1,0,31874,31892,31926,32133,31908,21,197,0,106,0,1478,4366,255,1,110,36,,,27.8508,
2026-09-06 15:12:45.530,2026-09-06 15:13:08.650,2026-09-06 15:13:13.833,,,,5.01205,22.815,5270,32.3781,23.12,1,0,31874,31892,31926,32133,31908,21,197,0,106,0,1553,4587,255,1,110,36,,,27.5153,
2026-09-06 15:13:04.040,2026-09-06 15:13:25.463,2026-09-06 15:13:55.490,,,,28.4919,77.147,5271,32.2544,21.4227,1,0,31013,31381,31926,32133,14220,21,176,0,106,0,10742,22976,255,2,110,36,,,27.8324,
2026-09-06 16:02:00.973,2026-09-06 16:02:11.433,2026-09-06 16:02:18.197,,,,5.07878,73.845,5271,19.6235,10.4575,1,0,31874,31892,31926,32133,31908,21,197,0,106,0,13785,20925,255,1,110,36,,,27.7861,
2026-09-06 16:04:36.187,2026-09-06 16:04:41.330,2026-09-06 16:04:46.530,,,,4.98086,74.257,5271,27.6855,5.14385,1,0,31874,31892,31926,32133,31908,21,197,0,106,0,13916,21042,255,1,110,36,,,27.7042,
2026-09-06 16:05:05.297,2026-09-06 16:05:08.593,2026-09-06 16:05:14.593,,,,5.81175,68.141,5271,28.0644,3.29677,1,0,31013,31381,31926,32133,14220,21,176,0,106,0,9372,20294,255,2,110,36,,,27.9866,
2026-09-06 16:06:03.387,2026-09-06 16:06:11.013,2026-09-06 16:06:16.200,,,,5.12492,14.590,5270,28.1225,7.6254,1,0,31013,31381,31926,32133,14220,21,176,0,106,0,806,3082,255,2,110,36,,,27.8701,
2026-09-06 16:06:37.780,2026-09-06 16:06:45.460,2026-09-06 16:06:50.653,,,,5.16434,21.773,5270,22.4061,7.67959,1,0,31874,31892,31926,32133,31908,21,197,0,106,0,1482,4377,255,1,110,36,,,26.4575,
2026-09-06 16:06:52.247,2026-09-06 16:07:01.390,2026-09-06 16:07:14.810,,,,11.7177,142.212,5272,25.0319,9.14106,1,0,31013,31381,31926,32133,31908,21,176,0,106,0,37868,42354,255,3,110,36,,,26.2758,
2026-09-06 16:08:49.853,2026-09-06 16:09:09.003,2026-09-06 16:09:17.520,,,,2.84381,47.307,5251,28.0159,19.1489,1,0,31013,31381,31926,32133,14220,21,176,0,106,0,26742,27387,255,2,110,36,,,27.8192,
2026-09-06 16:14:12.037,2026-09-06 16:14:18.693,2026-09-06 16:14:23.897,,,,5.12515,22.555,5270,23.2237,6.65601,1,0,31874,31892,31926,32133,31908,21,197,0,106,0,1535,4534,255,1,110,36,,,27.8281,
2026-09-06 16:14:57.490,2026-09-06 16:15:09.470,2026-09-06 16:15:16.190,,,,4.98463,209.170,5273,22.495,11.9797,1,0,31013,31381,31926,32133,14220,21,176,0,106,0,102056,59331,255,2,110,36,,,27.9722,
2026-09-06 16:17:15.947,2026-09-06 16:17:29.070,2026-09-06 16:17:34.273,,,,5.0781,70.227,5271,17.6574,13.1252,1,0,31013,31381,31926,32133,14220,21,176,0,106,0,9660,20914,255,2,110,36,,,28.0616,
2026-09-06 16:21:22.137,2026-09-06 16:21:32.653,2026-09-06 16:21:37.997,,,,5.07826,20.091,5270,20.7752,10.5152,1,0,31013,31381,31926,32133,14220,21,176,0,106,0,1109,4245,255,2,110,36,,,27.8671,
2026-09-06 16:23:22.570,2026-09-06 16:23:59.697,2026-09-06 16:24:10.480,,,,10.565,18.545,5270,29.4949,37.1412,1,0,31013,31381,31926,32133,31908,21,176,0,106,0,1023,3918,255,3,110,36,,,28.0352,
2026-09-06 16:28:43.497,2026-09-06 16:28:55.030,2026-09-06 16:29:00.280,,,,5.0309,13.950,5297,22.8108,11.5321,1,0,31013,31381,31926,32133,14220,21,176,0,106,0,2619,8592,255,2,110,36,,,27.9428,
2026-09-05 10:16:58.223,,2026-09-05 10:17:09.777,,,,1.15922,0.403,2223,,,,,4570,15200,13950,14640,709,4,28,0,,0,120,81,124,3,58,5,,,27.1434,
2026-09-05 16:54:36.730,,2026-09-05 16:55:22.150,,,,5.14095,96.862,5309,,,,,4570,15200,13950,14640,32454,4,28,0,106,0,1073751659,28059,255,3,60,36,,,34.5188,
2026-09-05 17:06:54.240,,2026-09-05 17:08:33.110,,,,13.0939,6.276,5285,,,,,4570,15200,13950,14640,32454,4,28,0,106,0,1437,2403,255,3,110,36,,,32.5665,
2026-09-06 14:58:23.980,,2026-09-06 14:58:46.120,,,,6.15668,78.510,5271,,,,,31013,31381,31926,32133,14220,21,176,0,106,0,1073752607,23382,255,2,110,36,,,27.5501,
